name,country,555bf
Conan Mo,Australia,996
Antoni Kingston,Poland,969
Adrian Dębski,Poland,956
Michael Tripodi,Australia,949
Yinhao Ding,Australia,937
Joshua Hounslow,Australia,936
Jonathan Charlesworth,Australia,934
Leon Tran,Australia,917
Benjamin Paul,Australia,902
Swami Srinivasan,Australia,882
Isaac Wells,Australia,865
Jhasmani Oxa Lopez,Bolivia,856
Tom Stanton-Barnett,New Zealand,853
Brandon Poulton,United Kingdom,848
Elliott Kobelansky,Canada,845
Alex Taylor,New Zealand,841
Li-Wei Wu (吳立偉),Taiwan,832
Haozhen Ding (丁昊桢),China,828
Pedro Henrique de Jesus Silva,Brazil,822
Teruki Tamura (田村旭輝),Japan,821
Daniel Anker Hermansen,Denmark,819
Jens Grieme,Germany,812
Arkadiusz Żynel,Poland,807
Aaron Spiller,Australia,802
Daniel Wallin,Sweden,799
Wilfrid Py,France,799
Callum Hales-Jepp,United Kingdom,796
Michał Wroński,Poland,791
Marcos Ferreira Semolini,Brazil,789
Chenhao Sun (孙晨皓),China,784
Aneurin Hunt,New Zealand,783
Yuki Yamamoto (山本祐輝),Japan,783
Yuri de Oliveira,Brazil,782
Natanael Lundberg,Sweden,781
Christian Angelo Araneta Naguio,Philippines,774
Bo-Yu Lin (林柏佑),Taiwan,772
Alberto Arturo Ayllón Bustos,Bolivia,772
Stanley Chapel,USA,771
Kerry Creech,USA,769
Martin Vædele Egdal,Denmark,767
Jan Bentlage,Germany,763
Cheng Hiu Yeung (鄭曉洋),Hong Kong,760
Naoki Tani (谷直輝),Japan,759
Wenjie Xu (徐文杰),China,759
Zachary Barrus,USA,759
Witali Bułatow,Poland,756
Jeyamurugesh Jeyaraj,India,755
Joseph Williams,United Kingdom,754
Jonas Rongé,Belgium,746
Jason White,USA,746
Vianne Chang,Canada,743
Zhe Wang (王哲),China,742
Dominik Kobinski,Poland,741
Timo Norrkniivilä,Finland,738
Luiz Fellipe Oliuza Leal Silva,Brazil,738
Toma Kishimoto (岸本到馬),Japan,736
Diego Brizuela Crespo,Mexico,735
Gleiciano Cosmo Santos,Brazil,735
Helmer Ewert,Sweden,734
Victor Tang Yao Jun (湯曜駿),Hong Kong,732
Sebastian Outh-Aut,Australia,728
Lennon Hughes,Australia,728
Hannes Müller,Germany,725
Caleb Hall,New Zealand,725
Thor Muto Asmund,Denmark,725
Luke Heath-Edwards,New Zealand,724
Cheung-Hao Tu,United Kingdom,723
Frederico Canal Gomes,Brazil,719
Daniel Atlas,Israel,718
Karol Piskorek,Poland,717
Georel Ulangkaya,Philippines,716
Mikołaj Salamon,Poland,711
Hiroto Fujita (藤田浩斗),Japan,710
Igor Tarasov (Ігор Тарасов),Ukraine,708
Pedro Luiz Ferreira Pires,Brazil,707
Jack Cai,Australia,706
Serhii Mormul (Сергій Мормуль),Ukraine,705
Oleg Gritsenko,Russia,705
Paweł Duraj,Poland,704
Zeke Mackay,USA,704
Abdullah Gulab,Pakistan,703
Shivam Bansal,India,702
Chen-Pin Sun (孫振斌),Taiwan,702
DongJae Lee,Korea,701
Ben Keogh,Ireland,696
Charley Abcouwer,Netherlands,691
Cedric Meysing,Germany,690
Liam Highducheck,Australia,689
Wayne Pi,Taiwan,688
Dieter Amberger,Austria,686
Max Siauw,USA,684
Modest Podzolkin,Ukraine,683
Owen Widdis,USA,683
Viktor Zenk,Sweden,682
Syougo Kamo (加茂翔吾),Japan,682
Kamil Przybylski,Poland,681
Gabriel Barrios,Guatemala,681
Abhijat Sahu,India,680
Ernur Ersayynov,Kazakhstan,679
Niklas Thomßen,Germany,677
István Kocza,Hungary,673
Peri Le Dain,USA,672
Manuel Gutman,Argentina,672
Hill Pong Yong Feng,Malaysia,670
Jakub Lorens,Poland,668
Ahmad Naufal Hakim,Indonesia,665
Sergio de la Mora García,Mexico,663
Yurii Riabov (Юрій Рябов),Ukraine,661
Masato Fujiwara (藤原正人),Japan,658
Jaden Lim,Philippines,656
Dan Alexandru Cechi,Romania,656
Jan Riedl,Czech Republic,654
Jason Ostdiek,USA,652
Samuel Hernandez Castro,Mexico,652
Gert van Hout,Netherlands,648
Dmitrii Saukov (Дмитрий Сауков),Russia,647
Jose Polorhenzo Aquino,Philippines,647
Emile Compion,South Africa,645
David Tanasković,Bosnia and Herzegovina,645
Paul Taylor,USA,645
Matthew Bidwell,USA,644
William Phommaha,France,643
Pacifico Rodriguez,Switzerland,642
Clarence Kinsey G. Orozco,Philippines,641
Abhijeet Ghodgaonkar,India,641
Sebastiano Tronto,Italy,640
Callum Goodyear,United Kingdom,639
Axel Flordal,Sweden,638
Armando Dian,Malaysia,638
Quinn McGagin,USA,637
Ilya Kerymov (Ілля Керимов),Ukraine,637
Anuar Miguel Abib Onofre,Brazil,637
Ethan Pride,Australia,635
Oliver Frost,United Kingdom,635
Yuhei Takagi (高木佑平),Japan,633
Fletcher Berry,USA,632
Cale Schoon,USA,631
Jae Park,USA,630
Lorenzo Mauro,Italy,627
Vicenzo Guerino Cecchini,Brazil,627
Oliver Fritz,Germany,627
Beomseok Ryu (류범석),Korea,627
Jacob Eoin Gipp,Canada,626
Grzegorz Łuczyna,Poland,625
Theodor Nordstrand,Sweden,624
Dominik Obara,Poland,623
Ang Chin Zhen (洪靖程),Malaysia,623
Joel Hernández,El Salvador,623
Igor Aipkin,Uzbekistan,621
Dominik Fürer,Switzerland,621
Dylan Swarts,South Africa,621
Davis Pogor,USA,620
Vincent Hartanto Utomo,Indonesia,618
Jin Young Kim (김진영),Korea,617
Tomoya Firman,Australia,616
Jakob Gunnarsson,Sweden,616
Arvind Manohar,USA,614
Elliot Wiecek,USA,613
Braden Richards,USA,610
Keiichiro Taira (平佳一郎),Japan,609
Stephen Bohner,USA,607
Assylkhan Meirkhanov (Асылхан Мейрханов),Kazakhstan,607
Tom Nelson,New Zealand,605
Aoden Teo Masa Toshi,Singapore,604
Damir Zhanataev (Дамир Жанатаев),Kazakhstan,601
Simone Ohler,Germany,599
Ben Erwin,USA,599
Yutao Guo (郭宇韬),China,598
Mengfei Shen (沈梦非),China,596
Richard Anthony Parada,USA,594
Daniel Alejandro Torres Moreno,Colombia,594
Shenghai Fang (方胜海),China,593
András Gelencsér,Hungary,593
Muhammad Saleh Imtiaz,Pakistan,593
Marco Edoardo Cittar,Italy,592
Mykhailo Lagoida (Михайло Лагойда),Ukraine,591
Nipun Das,USA,590
Roman Strakhov,Russia,589
Takayuki Tanaka (田中隆喜),Japan,586
Ben Streeter,USA,586
Fabian Settelen,Switzerland,585
Simon Kelly,Ireland,584
Tiffany Soh (蘇明珠),Malaysia,584
Sergio Bulux,Guatemala,582
Marcus Moberg,Sweden,581
Joel Cetra,Germany,580
Grigorii Alekseev,Russia,580
Chunjie Shan (单淳劼),China,580
Mohammed Aiman Koli,India,578
Arthur Garcin,France,578
Valentin Lanz,Switzerland,577
Nevins Chan Pak Hoong (陈百鸿),Malaysia,577
DongSu Park (박동수),Korea,576
Kit Clement,USA,576
Raluca Ioana Grigoraș,Romania,576
Joshua Feran,USA,575
Alexey Kislovskiy,Russia,574
Jang Seok Won (장석원),Korea,573
Andy Nicholls,United Kingdom,572
Yunhao Lou (娄云皓),China,566
Graham Siggins,USA,566
Brandon Harnish,USA,566
Oliver Wheat,United Kingdom,565
Ainesh Sevellaraja,Malaysia,564
Satoshi Kodama (児玉聡),Japan,562
Peter Weyers,USA,560
Alessandro Nicolì,Italy,559
Fernando Israel Zúñiga Macedo,Mexico,557
Andrew Lee,USA,556
Harry Savage,United Kingdom,554
Lucas O'Connell,New Zealand,554
Ethan Pan,New Zealand,553
Alexandre Henrique Afonso Campos,Brazil,551
Avshalom Sharavani,Israel,549
Kacper Paweł Dworak,Poland,547
Mikołaj Morawski,Poland,547
Konstantin Jaehne,Germany,546
Sukant Koul,India,545
Angelo Fontanini Lamure,France,544
Jia-Hong Lu (陸嘉宏),Taiwan,544
Ng Jia Quan (黄佳铨),Malaysia,543
Marharyta Dovbii (Маргарита Довбій),Ukraine,542
Dawid Wójcik,Poland,542
Marco Yang,Canada,542
Yang Li (李扬),China,541
Aedan Bryant,USA,541
Phisher Winn,USA,540
William Jensen,Sweden,540
Antonio Isaías Martínez Santos,Mexico,540
Pamulapati Sai Teja,India,539
Jolo Endona,Philippines,538
Natsuki Ishizawa (石澤夏希),Japan,538
James Quinn,USA,536
Raymond Goslow,USA,536
Alexis Fedeler,Germany,533
Timur Kabizhanov (Тимур Кабижанов),Kazakhstan,532
Hongyuan Tang (唐鸿远),China,531
Egor Besedin (Егор Беседин),Russia,529
Levente Baráth,Hungary,529
Zixing Wang (王子兴),China,529
Grzegorz Pacewicz,Poland,526
Jack Pfeifer,USA,524
Abhimanyu Singhal,India,523
Gianluca Placenti,Italy,522
Daniel James,India,521
Yoni Strassberg,Israel,519
Ryan Pilat,USA,518
Cary Huang,USA,517
Bertie Longden,United Kingdom,516
Myles Jarman,Australia,515
Liew Yee Voon (劉倚文),Malaysia,515
Yunqi Ouyang (欧阳韵奇),China,515
Brendan Bakker,USA,515
Eason Siew Ee Son (蕭奕晨),Malaysia,514
Wilmer Torres,Guatemala,514
Tommy Cherry,USA,513
Henri Gerber,Germany,513
Lev Golub (Лев Голуб),Ukraine,513
Santino Maiorino,USA,513
Naoto Shinagawa (品川直登),Japan,513
Sam Adams,USA,512
Nikita Ovsyannikov (Никита Овсянников),Russia,512
Alexander Botz,Germany,512
Maxime Madrzyk,France,511
Hyeok Yang (양혁),Korea,510
Calvin Nielson,USA,510
Kiagus Ahmad Haikal Hafif Hamidy,Indonesia,510
Hari Anirudh,India,509
Manuel Bühler,Switzerland,509
Enoch Gray,USA,509
Mike Hughey,USA,508
Mikus Lembergs,Latvia,508
Ivan Miletić,Serbia,508
Kim Min (김민),Korea,507
Kristian Holme,Norway,507
Jakub Drobný,Slovakia,506
Tomas Kristiansson,Sweden,505
Andrii Lushpak (Андрій Лушпак),Ukraine,505
Tom Maguire,Australia,505
Jiachi Han (韩佳池),China,505
Farid Mikhailov,Kazakhstan,505
Zheng Shen (申正),China,504
Danang Adianto,Indonesia,504
Ivan Osovik,Russia,503
Brock Hamann,Australia,503
Anonymous,Canada,503
Donna Krueger,USA,503
Grzegorz Jałocha,Poland,502
Clément Cherblanc,France,502
Darren Siew Ee Yaang (蕭奕暘),Malaysia,501
Ivan Krueger,USA,501
Daniel Goodman,USA,501
Martin Brath,Germany,500
Pedro Trujillo García,Mexico,500
Jason Kochan,USA,499
Matthew Dickman,USA,499
Jareth Soong,Singapore,499
Haijun Tan (谭海俊),China,498
Evan Liu,USA,498
Noah Kraft,Germany,496
Jesús Fernando Castelán Gómez,Mexico,496
Emilio Alberto Rodríguez Jiménez,Mexico,496
Yifan Wang (王逸帆),China,495
Ting He (禾廷),China,495
Jaemin Chang (장재민),Korea,495
Kaijun Lin (林恺俊),China,495
Vilius Ribinskas,Lithuania,495
Yikuan Kan (阚亦宽),China,492
Nicholas Patterson,Canada,492
Cole Campbell,New Zealand,492
Zachary Zurawski,USA,492
AJ Kamal,USA,491
Martin Fronescu,Romania,491
Kristian Gil Caragan,Philippines,490
Tommy Szeliga,USA,488
Will Belote,USA,487
Oto Aoyagi (青柳吟),Japan,487
Connor Yungbluth,USA,487
Luboš Bartík,Czech Republic,486
Jacob Ambrose,USA,486
Georgiy Titov (Георгій Тітов),Ukraine,485
Eben Quenneville,USA,485
Gianfranco Huanqui,Peru,485
Minyang Shi (时旻扬),China,484
David Vujasić,Croatia,482
Einar Kvam Lundberg,Norway,481
Matteo Chancerel,France,481
Lee Stanton-Barnett,New Zealand,480
Raiyan Abdulrub,Canada,480
Walker Welch,USA,478
David Epstein,Australia,478
Martin Maréchal,France,477
Bill Hammill,United Kingdom,477
Hannah Minas,Switzerland,477
Nikhil George,India,475
Liang Zhang (张亮),China,473
Choi Go-Ho (최고호),Korea,472
Danny SungIn Park,Korea,472
Gabriel Sargeiro Gomes de Mello,Brazil,471
Santiago Reyes Idarraga,Colombia,470
Artyom Martirosov,Russia,470
Michael Fung,Netherlands,470
Tam Quan,Australia,469
Mats Bergsten,Sweden,469
Jim Zhu,New Zealand,469
Kazutaka Watanabe (渡部和孝),Japan,469
Hasabi Sailendra,Indonesia,468
Nikhil Mande,India,468
Rowe Hessler,USA,468
Luke Van Laningham,USA,467
Xinyun Chen (陈新运),China,467
Jie Chen (陈杰),China,466
Luca Stalpers,Netherlands,465
Fabio De'Rose,Brazil,465
Natthaphat Mahtani (ณัฐภัทร จี มาทานี),Thailand,465
Timothé Ringeard,France,463
Luca Rizzi,Switzerland,463
Derek Kong,Canada,462
Agustín Bernasconi,Argentina,461
Ahsanul Insan Hamid,Indonesia,461
Nikita Razzamazov (Никита Раззама́зов),Russia,461
Will Russo,USA,460
Alyssa Bell,USA,460
Gregor Billing,Germany,458
Sean Hartman,USA,458
Ron Libman,Israel,457
Bradley Sampson,USA,457
Lee Jia Yong (李伽榮),Malaysia,455
Mara Oprea,Romania,454
Kacper Rafalski,Poland,454
Yash Mehta,India,453
Mark Rivers,United Kingdom,452
Conlan Trace,USA,452
Hyun-Kyoo Rah (나현규),Korea,452
William Wright,United Kingdom,451
Levi André Tallaksen,Norway,450
Clément Burgevin,France,449
Peter Preston,USA,448
Angel Alexis Carrillo Ramirez,Mexico,447
Benjamin Gottschalk,USA,447
Lanshi Zhang (张岚石),China,446
Chris Hardwick,USA,445
Keenan Johnson,USA,443
Xi Lu (鲁曦),China,443
Oleksandr Ivanchak (Олександр Іванчак),Ukraine,442
Lee Zhi Xuan,Malaysia,442
Shantanu Modak,Singapore,441
Heejun Kim (김희준),Korea,441
Max Xiong (熊锐明),China,440
Haruka Kitamura (北村晴香),Japan,440
Erik Bitvai,Sweden,438
Christopher Chi,USA,438
Minhyun Kim (김민현),Korea,437
Nathaniel Elijah Paz,USA,437
Tristan Steeves,USA,437
Carson Claud,USA,436
Lichao Liu (刘立超),China,435
Haoyang Chen (陈浩杨),China,435
Akatsuki Kitamura (北村曉),Japan,433
Jacob Oliver Bruun,Norway,432
James Molloy,United Kingdom,432
Adam Swaine,United Kingdom,431
José Antonio Navarro Sánchez,Spain,431
Frederick Zheng,USA,431
Jacob Chambers,United Kingdom,430
Knut Skaug Haraldsen,Norway,429
Jan Fonš,Czech Republic,428
Víctor Adán Solis Martinez,Mexico,426
Timothy Goh,USA,426
Xiaoliang Zhu (朱校良),China,425
Volodymyr Korol (Володимир Король),Ukraine,424
Jordan Baum,Canada,423
Eng Dickson (黄迪胜),Malaysia,422
Daniel Rose-Levine,USA,422
Mattheo de Wit,Netherlands,421
Kasparas Lienys,Lithuania,421
Nathan Daviaud,France,420
Dmitriy Krasnoshchekov,Russia,420
Jianxu Chen (陈建旭),China,420
Isaac Langer,USA,420
Matthew Prestwich,United Kingdom,420
Will Cerne,USA,419
Ishaan Lal,USA,418
Vladimir Okenchits,Russia,417
Lucas Déglise,France,417
Ben Marlin,USA,417
Luis Kleinheinz,Germany,416
Yifan Cheng (程依凡),China,416
Michael (謝富亦),Indonesia,416
Tobias Peter,Switzerland,416
James Golding,United Kingdom,415
Manu Vereecken,Belgium,415
Sameer Aggarwal,USA,415
Jeremy Benik,USA,414
Mok Man Kit (莫文傑),Hong Kong,414
Viljo Elo,Finland,413
Andreas Jensen Forsgren,Norway,413
Kamil Michalak,Poland,412
Tim Reynolds,USA,412
Vitalii Khomyn (Віталій Хомин),Ukraine,412
Weina Bao (鲍伟娜),China,412
Rodson Lingad,Philippines,410
Jens Haber,Germany,410
Eva Kato,USA,410
Kai-Wen Wang (王楷文),Taiwan,410
Bence Barát,Hungary,409
Jihaobutao (冀好布套),China,409
Antonie Paterakis,Greece,409
Liang Chen (陈樑),China,409
Eric Waldbillig,USA,408
Philippe Virouleau,France,407
Maksym Dumanskyi (Максим Думанський),Ukraine,407
Yuval Porat,Israel,407
Nikolay Masson (Николай Массон),Russia,407
Sukesh Kumar,India,407
Nam Anh Dang,Australia,405
Bobby D'Angelo,USA,405
António Gomes,Portugal,405
Pavlo Bondar (Павло Бондар),Ukraine,404
CJ Sheng,USA,404
Nicholas Fogo,Australia,404
Zongwen Mu (牟宗文),China,404
David Pearce,Australia,402
Kou Oobatake (大畠功),Japan,402
Weijie Fang (方伟杰),China,402
Peter Andersson,Sweden,400
Michael Conard,USA,399
Jorge Manuel Lira Ibarra,Mexico,399
Ko Youngjin (고영진),Korea,398
Clay Moore,USA,397
Paul Ellement,Canada,396
Peter Åberg,Sweden,396
Dylan Wang,Canada,395
Paris Dorn,Canada,394
Nathan Seeto,Australia,394
Yiwei Liu (刘伊玮),China,394
Aiden Bartlett,USA,393
Riku Akiyama (秋山吏玖),Japan,392
Daniel Tidsey,United Kingdom,391
Emanuel Rheinert,Germany,391
Zhifang Xi (席之枋),China,391
Carter Kucala,USA,390
Olivier Vos,Netherlands,390
Jorge Augusto Siqueira Pinto,Brazil,388
Korakot Inkaew (กรกฎ อิ่นแก้ว),Thailand,388
Ian Drake,USA,387
Fabian Löhle,Switzerland,387
Wilson Alvis (陈智胜),Indonesia,387
Ethan Davis,USA,386
Christopher Sun,USA,385
Andrew Rizo,USA,385
Feilong Tang (唐飞龙),China,385
Arnau Tous Mateu,Spain,384
Jacopo Antonio Boffa,Italy,383
Lorenzo Vigani Poli,Italy,383
Chan Hay Yin (陳希言),Hong Kong,383
Samuel Knoll,USA,382
Nikhil Soares,India,379
Hiroki Iwashita (岩下大輝),Japan,378
Noah Swor,USA,378
Mihály Horváth,Hungary,377
Takuma Shirahase (白波瀬拓磨),Japan,377
Mark Boyanowski,USA,375
Adam Marcellus Kelly,USA,375
Ole Nikolai Gjerset,Norway,374
Timothy Loh,Australia,372
Ádám Barta,Hungary,371
Takayuki Ookusa (大艸尊之),Japan,370
Vasile Dan,Romania,369
Jared Stinson,USA,369
Yuto Date (伊達優人),Japan,369
Nitheesh Kumar Elangovan,India,369
Moisés Alberto Rojas León,Mexico,368
Alistair Miller,United Kingdom,367
Zhenyang Shao (邵振洋),China,367
Jake Klassen,Canada,367
Tomoyuki Hiraide (平出智之),Japan,367
Adam Burk,USA,366
Jiayu Wang (王佳宇),China,365
Fedor Abaev,Russia,365
Matthew Sheerin,United Kingdom,364
Hui Cai (蔡辉),China,363
Guido Dipietro,Argentina,363
Ethan Basanov,Canada,363
Marcel Ručigaj,Slovenia,363
Krzysztof Bober,Poland,363
Brian Acuña,Philippines,362
Saiyam Jain,India,362
Harsh Maheshwari,India,361
Yu Zhou (周煜),China,359
Zhao-Zhe Zhong (鍾肇哲),Taiwan,357
Jae Hyun Jeong,Korea,356
Andy Wong,USA,355
Jason Bilgrei,USA,355
Reto Bubendorf,Switzerland,355
Aidan Proietto,USA,354
Yu Da-Hyun (유다현),Korea,353
Noel Kim,New Zealand,353
James Macdiarmid,New Zealand,353
Elias Fischer,Germany,353
Parker Trager,USA,351
Wenxuan Yue (岳文轩),China,351
Ben Baron,Israel,350
Wong Chong Wen (黄崇文),Singapore,349
Denis Fokin,Russia,348
Philip Cuthbertson,USA,348
Chris Choi,USA,347
Kai Roff,United Kingdom,346
Jēkabs Janovs,Latvia,346
Liam Sweet,Australia,346
Łukasz Burchard,Poland,345
Diego Alejandro Casas Jimenez,Colombia,345
Theodore Chow,Canada,345
Jode Brewster,Australia,343
Gaëtan Fragnière,Switzerland,343
Luca McKeen Black,USA,343
Jacob Posner,USA,342
Aniketh Arya,India,342
Taylor Cookmeyer,USA,342
Joel Ulin,Sweden,342
Polina Lapteva (Полина Лаптева),Russia,342
Alexander Olleta del Molino,Spain,342
Calvin Sall,USA,341
Zian Song (宋子安),China,339
Timo Hromádka,Slovakia,339
Haoxiang Ying (应浩祥),China,339
Antoine Cantin,Canada,338
Neel Gore,USA,338
Damian Wilding,USA,338
Ray Leung Ka Ho (梁家浩),Hong Kong,337
Fahad Ittikaparambil Palakkal Haneefa,India,337
Leonardo Ezequiel Cruz,Argentina,337
Bhargav Narasimhan,India,335
Charlie Harrison,United Kingdom,335
Yoshio Matsumoto (松本嘉夫),Japan,334
Joseph Tudor,United Kingdom,333
Misael Gómez Soria,Mexico,333
Shunsuke Wada (和田俊輔),Japan,332
Sam Spendla,United Kingdom,332
Ivan Li Ka Leong (李嘉亮),Hong Kong,331
Sheng Cao (曹晟),China,331
Spencer Chubb,USA,330
Amelie Dieterich,Germany,329
Akash Rupela,India,329
Mingyang Xie (谢铭扬),China,329
Kevin Matthews,Canada,328
Chad Harris,USA,327
Tianyu Zhao (赵天愉),China,326
Craig Bouchard,Canada,325
Shifei Dai (代时飞),China,325
Daniel Vædele Egdal,Denmark,324
Ethan Dennis,USA,324
John Brechon,USA,323
Israel Fraga da Silva,Brazil,323
Jeon Junhyeok (전준혁),Korea,322
Tomohiro Kobayashi (小林知広),Japan,321
Josh Weimer,USA,321
Shinji Mochizuki (望月真司),Japan,320
Hollwann Leon,Colombia,320
Lucas Maillard,France,320
Daniel Lin,USA,319
Patryk Milewczyk,Poland,319
Nikita Loika,Belarus,318
Łukasz Gondek,Poland,318
Katsuya Sasaki (佐々木克哉),Japan,318
Deri Nata Wijaya,Indonesia,316
Brandon Satterstrom,USA,315
Feliks Zemdegs,Australia,315
Fengqi Dai (代凤奇),China,315
Zhichun Li (李志纯),China,315
Xin Shi (石欣),China,314
Jefferson Andres Durango Argaez,Colombia,314
Tripp Peters,USA,313
Vladyslav Hordiienko (Владислав Гордієнко),Ukraine,312
Alessio Giuliano,Switzerland,312
Nicholas Hay,USA,312
Alexander Mutch,Canada,312
Daniel Hermansson,Sweden,311
Daniel Chudecki,Poland,310
Andrew Robey,USA,310
Maxim Chechnev,Russia,309
Akito Takei (武井章人),Japan,309
Bas Verseveldt,Netherlands,309
Ramses Amaya,Colombia,309
Qi Wang (王琪),China,308
Chi-Lun Hung (洪啟倫),Taiwan,308
Dušan Zakelšek,Slovenia,307
Brandon Mikel,USA,307
Alban Reynaud,France,306
Olli Vikstedt,Finland,305
Ryota Aoki (青木涼太),Japan,305
Malte Ihlefeld,Germany,304
Jesús Lindo García,Spain,304
Rotem Ifrach,Israel,304
Vladimir Sergeev,Russia,303
Daniel Tarifa,Bolivia,303
David Verdooren Flórez,Colombia,302
José Leonardo Chaparro Prieto,Colombia,302
Richard Espinosa,Philippines,301
Juan Sebastián Silva Alvarez,Colombia,301
Shintaro Hirose (広瀬慎太郎),Japan,300
Krish Shah-Nathwani,USA,299
Zach Zwerling,USA,299
Julen Simón Iriarte,Spain,298
Murilo Coutinho Silva,Brazil,298
Harry Owen,United Kingdom,298
Thomas Connor,United Kingdom,298
Liudi Sun (孙柳笛),China,298
Ernest Seroczyński,Poland,298
Bernhard Brodowsky,Germany,298
Javier Hernandez Requena,Spain,297
Marco Rota,Italy,297
Bryan Kevin Jimenez Cruz,Colombia,297
Xun Zhao (赵洵),China,296
Matthew Hollinger,USA,296
Landon Rhodes,USA,295
Tiago Zamberlan,Brazil,294
Tomoaki Okayama (岡山友昭),Japan,294
Josh Bloch,USA,293
Vladimir Kostin,Russia,293
David Ruscalleda Gómez,Spain,293
Mingyao Li (李明尧),China,293
Monty Wain,Australia,293
Alistair Robequin,Switzerland,293
Taiga Takaoka (高岡汰虎),Japan,292
Fabrizio Cirnigliaro,Italy,290
William Gan Wei Ren (颜伟仁),Malaysia,290
Antonio López,Spain,288
Simon Westlund,Sweden,287
Michał Pleskowicz,Poland,287
Laura Holzhauer,Germany,287
Yichuan Xie (谢逸川),China,286
Timothy Ithurbure,Netherlands,286
Kristopher De Asis,Canada,286
Kim Jokinen,Finland,286
Steven Kearns,United Kingdom,286
Hanns Hub,Germany,285
Fabio Schwandt,United Kingdom,285
Yan Xia (夏炎),China,285
Jérôme Carlier,Belgium,285
Mitja Popovski,Slovenia,284
Willem Klose,Germany,284
Yu Zhou (周煜),China,284
Ryota Futagami (二神亮太),Japan,283
Manuel Prieto de Antón,Spain,281
João Pedro de Ornellas Cardoso,Brazil,281
Zachary McWilliams,USA,281
Jing Jia (贾婧),China,281
Xin Tang (唐薪),China,280
Andreas Askjem,Norway,279
Zach Wilbur,USA,279
Matthieu Aubert,France,279
Jeff Park,USA,275
Carlos Pedro Casado de Achával,Argentina,275
Yongqiang Peng (彭永强),China,273
Andrey Ivanov,Russia,272
Shant Tonoyan,Armenia,272
Haoran Wang (汪浩然),China,272
Anirudh Sureshram,India,271
Samuel Baird,USA,270
Siah Yee Long,Singapore,270
Jintao Jin (金锦涛),China,269
Michael Zavalza,USA,269
Tianping Ding (丁天平),China,269
Yanfeng Zhu (朱艳枫),China,268
Chong-Cheng Wang (汪忠正),Taiwan,268
Mauricio Ademar Carlos Avila,Mexico,268
Matej Bolta,Slovenia,267
Takafumi Sakakibara (榊原隆文),Japan,266
Bowen Xiao (肖博文),China,265
Sebastian Werb,Germany,265
Gabriel Alejandro Orozco Casillas,Mexico,265
Carlos Méndez García-Barroso,Spain,264
Can Mao (毛灿),China,264
Benjamin Meco,Sweden,264
Will Callan,USA,263
Tyler Salburg,Australia,263
Erik Akkersdijk,Netherlands,262
Zach Ramer,Canada,262
Yiquan Ling (凌艺全),China,261
Bin Huang (黄斌),China,261
Oscar Nieto,Colombia,261
Andrei Solntsev,Estonia,260
Jingyang Zhang (张靖阳),China,258
Le Yu (余乐),China,258
Enzo Mattos,Brazil,258
Mark Adams,United Kingdom,257
Lee Seung Ha (이승하),Korea,257
Pranav Veera,USA,254
Fengyi Wang (王峰熠),China,254
Timon Veurink,Netherlands,254
Tyler Marr,USA,253
Linus Frész,Germany,253
Yong Hyeon Jo (조용현),Korea,252
Will Wooden,USA,252
Vladislav Trukhanovich,Belarus,252
Bértil Estrugo,Uruguay,251
Yiming Liu (刘一鸣),China,251
Jia-Wei Liu (劉家瑋),Taiwan,251
Christopher Cabrera,USA,250
Johan Hilmi Bin Nor Ashraf,Malaysia,250
Jimin Byeon (변지민),Korea,249
Raúl Morales Hidalgo,Spain,249
Zhijian Zhang (张志坚),China,247
Samuel Fang,USA,246
Ruoyu Xia (夏若愚),China,246
Mihail Petrochenkov,Russia,246
Wojciech Knott,Poland,245
Dongyun Yin (殷冬昀),China,244
Alberto Pérez de Rada Fiol,Spain,244
Cormac Farrell,United Kingdom,242
William Tao,Australia,240
Baiqiang Dong (董百强),China,239
Bruno Vervoort,Belgium,239
Yehude Rudy Canaza Apaza,Peru,238
Deni Mintsaev (Дени Минцаев),Russia,238
Carl Abrahamsen,Norway,237
Dennis Strehlau,Germany,237
Yota Ueda (上田陽太),Japan,236
Alex Boyle,Australia,236
Mayur Ukey,India,235
Acchyut Jolly,India,235
Tyler Robinson,USA,235
Zhiyang Chen (陈至扬),China,234
Yucheng Chen (陈裕铖),China,233
Junhe Zhang (张钧鹤),China,233
Bryson Azzopardi,Australia,233
Ryan Przybocki,USA,232
Gang Yong-Jin,Korea,232
Bill Wang,Canada,231
Kamil Pomietło,Poland,231
Andreas Pohl,Germany,230
Dmitry Karyakin,Russia,229
Kazuki Sakamoto (坂本一樹),Japan,229
JaeSeong Choe (최재성),Korea,228
Sean Skinner,USA,228
Nathaniel Gee,USA,228
Noah Arthurs,USA,228
Jinghui Suo (索晶辉),China,228
Roberto Bentivoglio,Italy,226
Eli Jay,United Kingdom,225
Lakshay Modi,India,224
Jayden McNeill,Australia,222
Pranav Banerjee,India,222
Corentin Furet,France,221
Dominik Pasztetnik,Poland,220
Dalton Padgett,USA,220
Ryan DeLine,USA,219
Jenson Brown,USA,219
Xingyan Ding (丁醒炎),China,219
Sakari Rautalin,Finland,218
Daniele Panna,Italy,218
Yuchao Zhang (张昱超),China,218
Shun Yao (姚舜),China,218
Simon Lim (林少秋),Philippines,218
Sergio Bodega Herráiz,Spain,217
Paarth Arora,India,216
Miguel Angel Ariza,Colombia,215
Ciarán Beahan,Ireland,215
Heng Wang (王衡),China,213
Chester Lian,Malaysia,212
Hippolyte Moreau,France,212
Max Day,United Kingdom,211
Yikang Xie (谢轶康),China,211
Taku Yanai (矢内拓),Japan,210
Simon Shimel,USA,210
Artem Melikian (Артем Мелікян),Ukraine,210
James Hildreth,USA,209
Kotaro Terada (寺田晃太朗),Japan,208
Yulia Kamaltdinova,Russia,208
Fazhen Wu (吴法臻),China,208
Zeshaan Khokhar,Australia,207
Riley Woo,USA,207
Chun Lin (林春),China,207
Karthikeyan Eswaran,India,207
Shuhei Omura (大村周平),Japan,206
Stanisław Szyszka,Poland,206
Mason Langenderfer,USA,204
Corey Sakowski,USA,204
Mohammad Ibnu Sabilillah,Indonesia,204
Robin Michaud,France,202
José David Castiblanco Marin,Colombia,202
Thomas Lehéricy,France,201
Robert Paus,Germany,201
Michal Málek,Czech Republic,201
Wilhelm Kilders,Germany,201
Timo Forsthofer,Germany,201
Yunke Zhang (张云柯),China,200
Rami Sbahi,USA,200
Tim Wong,USA,200
Yongtao Sun (孙永涛),China,200
Taha Ben Salah,Tunisia,200
Ishaan Agrawal,USA,200
Jun Xu (徐俊),China,198
Chunyu Zhang (张春雨),China,198
Hongbin Chang (常宏彬),China,197
Gonzalo Orellana Barrasa,Spain,196
Vladimir Korovin,Russia,196
Joey Stahl,USA,194
Conor Cronin,South Africa,193
M Aashrit Krishna Sankaran,India,192
Rodrigo Pueblas Núñez,Spain,191
Yu Nakajima (中島悠),Japan,191
Cendy Cahyo Rahmat,Indonesia,190
Christopher Olson,USA,188
Akira Misawa (三沢昂),Japan,187
Raquel Mendivelso,Colombia,187
Matěj Mužátko,Czech Republic,187
Aidan Sleavin,USA,186
Marcell Endrey,Hungary,185
Angel Lim,USA,185
Ben Zoller,USA,185
Han Dong-Hee (한동희),Korea,184
Aldo Feandri,Indonesia,183
Jadd Virji,United Kingdom,183
Mark Yarovoi (Марк Яровой),Ukraine,183
Marcel Peters,Germany,182
John Allums,USA,180
Zhiyuan Ma (马之元),China,179
Parker Powell,USA,178
Bartłomiej Sordyl,Poland,178
Javier Tirado Ortiz,Spain,178
Axel Häck,Germany,177
Julian David,Canada,177
Siva Shanmukh Vetcha,India,177
Yunsu Nam (남윤수),Korea,177
Howie Craig,USA,176
Zach Emery,USA,175
Ben Ridley,United Kingdom,175
Ivo Bakker,Netherlands,175
Yuji Suse (巣瀬雄史),Japan,174
Sergio Torrijos Santano,Spain,173
Moanish C. S. Barathiar,India,173
Vladimir Zhuravlev,Russia,173
Prashanth Rebala,India,172
Fritz Löhr,Germany,172
Piotr Janecki,Poland,170
Zhizhe Liang (梁稚喆),China,170
Ryo Kozawa (小澤諒),Japan,170
Jia Zeng (曾嘉),China,170
Radosław Drozdowicz,Poland,168
Matteo Colombo,Italy,168
Vivek Prasad Mada,India,168
Max Hilliard,USA,167
AJ Blair,USA,166
Yuto Hayaki (早木悠斗),Japan,166
Lucas Wesche,Germany,165
Aleksander Wellinski,Poland,165
Xiaobo Hou (侯晓博),China,164
Tomasz Tokarski,Poland,164
Patrick Kern,Germany,163
Maarten Smit,Netherlands,162
Jakob Kogler,Austria,162
Qingbin Chen (陈庆斌),China,161
Evan Brown,USA,161
Sydney Weaver,USA,161
Wojciech Szatanowski,Poland,161
Felix Lee,USA,161
Branko Kobal,Slovenia,160
Denys Lazarenko (Денис Лазаренко),Ukraine,160
Alexander Gorchackov,Russia,160
Michael Young,USA,159
Jonathan Midjord Shapira,Denmark,159
Ivan Zabrodin,Russia,159
Mimmi Leckius,Sweden,159
Henrik Olsson,Sweden,158
Kyra Joiner,USA,158
Jiacheng Peng (彭家诚),China,157
Nick Vu,USA,157
Harish Chandramouleeswaran,India,157
Ha Min Oh (오해민),Korea,157
François Courtès,France,157
Dan Sarnelli,USA,156
Daniel Kottenstette,USA,156
Vojtěch Dvořák,Czech Republic,155
Cristina Orenes Conesa,Spain,155
Yumu Tabuchi (田渕雄夢),Japan,154
Shiori Sato (佐藤詩織),Japan,154
Gilberto Caracciolo Morelli,Brazil,153
Cyril Barigand,Belgium,153
Jinzheng Li (李金铮),China,153
Marcin Zalewski,Poland,151
Zhaoli Zheng (郑召利),China,150
Zane Carney,Australia,150
Anthony Hsu,USA,150
Arvis Tilgalis,Latvia,150
Sanae Omyo (大名佐苗),Japan,149
Arrik Leman,USA,148
Lucas Garron,Germany,148
Yusuke Morikawa (森川裕介),Japan,147
Luis Davila,USA,147
Alessandro Solito,Italy,147
Shubhayan Kabir,India,147
Axel Brisse,France,147
Didiet Aditya Bayu Kusuma,Indonesia,147
Daniel Sheppard,United Kingdom,146
Hisashi Fukai (深井寿),Japan,145
Sei Sugama (洲鎌星),Japan,144
Yuxin Wang (王宇欣),China,144
Lars Vennike Nielsson,Denmark,144
Timothy Sun,USA,144
Martin Zamudio Lemus,Mexico,143
Rodrigo Zarate,Peru,142
Muhammad Iril Khairul Anam,Indonesia,142
Clément Gallet,France,140
Kai Jiptner,Germany,139
Janne Lehtimäki,Finland,139
Riadi Arsandi,Indonesia,139
Wenshun Zhou (周文舜),China,139
Nicolas Fitzgerald Muñoz Herrera,Colombia,138
Kui-Yo Chen (陳奎佑),Taiwan,137
Robert Yau,United Kingdom,137
Zhongguang Que (阙忠光),China,137
Akula Pavan Kumar,India,137
Anton Krokhmal (Антон Крохмаль),Ukraine,137
Chris Wall,United Kingdom,136
Artem Savosik,Belarus,135
Pierre Bouvier,France,135
Asa Kaplan,USA,135
Jianyu Que (阙剑宇),China,134
Qirun Zhong (钟奇润),China,134
Billy Jeffs,United Kingdom,134
Dan Cohen,USA,134
Ilham Fikriya Darmawan,Indonesia,132
Arvid Skarrie,Sweden,131
Tomoki Kubo (久保友樹),Japan,131
Hong Zhang (张宏),China,131
Rafał Guzewicz,Poland,131
Micael Boulet,Canada,131
Jiawen Wu (吴嘉文),China,130
Jong-Ho Jeong (정종호),Korea,130
Bernett Orlando,India,130
Hung Lo (羅鴻),Taiwan,129
Ben Whitmore,United Kingdom,128
Aan Candra Nugroho,Indonesia,128
Moritz Karl,Germany,128
Shintaro Nishijo,Japan,128
Ralph Eikelenberg,Netherlands,127
Jason Baum,USA,127
JP Bulman,USA,126
Mo Ji (季默),China,126
Mao-te Hsieh (謝茂德),Taiwan,126
Adam Lärkeryd,Sweden,126
Oleksii Bessonov (Олексій Бессонов),Ukraine,125
Hampus Hansson,Sweden,125
Alexey Oblaukhov,Russia,124
Alex Cook,USA,123
Adam Ahmad,USA,123
Anton Rostovikov,Russia,122
Denys Zhytnyk (Денис Житник),Ukraine,122
Thomas Müller,Germany,122
Kieran Cavanagh,USA,122
Fakhri Raihaan,Indonesia,122
Alex Ozer,USA,122
Dragan Okanović,Serbia,122
Casarengga,Indonesia,121
Ville Seppänen,Finland,121
Tim Habermaas,Germany,121
Cornelius Dieckmann,Germany,120
Tomasz Korzeniewski,Poland,120
