name,country,minx
Jan Zych,Poland,1287
Martin Vædele Egdal,Denmark,1232
Magdalena Pabisz,Poland,1221
Alexander Vujcich,New Zealand,1194
Muhammad Saleh Imtiaz,Pakistan,1192
Bartłomiej Krokos,Poland,1174
Ziyu Wu (吴子钰),China,1172
Oscar Roth Andersen,Denmark,1169
James Macdiarmid,New Zealand,1144
Jakob Gunnarsson,Sweden,1144
Michał Krasowski,Poland,1129
Feliks Zemdegs,Australia,1125
Łukasz Burliga,Poland,1108
Sean Moran,United Kingdom,1107
Yun-Rui Chiang (江昀叡),Taiwan,1100
Joel Lundström,Sweden,1100
Andrey Che,Russia,1094
Daniel Vædele Egdal,Denmark,1087
Jasper Murray,New Zealand,1084
Jakub Grzybowski,Poland,1080
Kacper Rafalski,Poland,1080
Amos Nordman,Finland,1077
Juan Pablo Huanqui,Peru,1077
Jode Brewster,Australia,1074
Yunliang Zhang (张赟量),China,1072
James Holdsworth,Australia,1068
Ping-Yueh Huang (黃品越),Taiwan,1067
Igor Tarasov (Ігор Тарасов),Ukraine,1067
Shun-Hsin Chang (張舜欣),Taiwan,1064
Zayn Khanani,USA,1062
Karina Grandjean Beck,Denmark,1059
Katie Davies,United Kingdom,1059
Riley Dexter,Australia,1050
Lucas O'Connell,New Zealand,1049
Juliette Sébastien,France,1048
Victor Wijsman,France,1043
Bartłomiej Owczarek,Poland,1043
Max Siauw,USA,1043
Dawid Wójcik,Poland,1042
Alan Ma,Australia,1042
Adrian Walkowiak,Poland,1040
Dongzhe Li (李东哲),China,1039
Ethan Davis,USA,1038
Daniel Wallin,Sweden,1036
Benjamin Bucksmith,New Zealand,1036
Yu Tang (唐语),China,1036
Nicolas Naing,USA,1034
Gáspár Árvai,Hungary,1033
Jonathan Charlesworth,Australia,1030
Kai-Wen Wang (王楷文),Taiwan,1028
Brandon Harris,New Zealand,1027
Dwyane Ramos,New Zealand,1027
Ray Zhang (张灏睿),Australia,1022
Karol Zakrzewski,Poland,1021
Pavel Mesyatsev,Russia,1021
Jiazhou Li (李佳洲),China,1020
Magnus Søndergaard Byrne,Denmark,1020
Gergely Novotni,Hungary,1020
Andy Gong,Australia,1020
Maxim Onushkin,Russia,1019
Brian Hambeck,Uruguay,1013
Maksymilian Majcher,Poland,1011
Phillip Lewicki,USA,1010
Clément Cherblanc,France,1010
Shih-Hao Wang (王士豪),Taiwan,1009
José Leonardo Chaparro Prieto,Colombia,1007
Ivan Lew Yi Wen (刘义文),Malaysia,1006
William Jensen,Sweden,1006
Eli Jay,United Kingdom,1006
Stephen Waller,United Kingdom,1005
Chris Mills,United Kingdom,1003
Yibo Wang (王奕博),China,1002
Shang Liu (刘尚),China,1002
Maksim Demchenko (Максим Демченко),Russia,1001
Samir Homsi,Turkey,999
Darcy Way,Australia,997
Luke Tycksen,USA,996
Xingkai Yin (尹星凯),China,995
Alexei Sinyavin,USA,994
Kevin Gerhardt,Germany,993
Shangtong Fu (傅上桐),China,993
Joshua Hounslow,Australia,993
Manuel Bühler,Switzerland,991
Edward Rust,Australia,991
Fanny Pousset,France,990
Oleksandr Seniuk (Олександр Сенюк),Ukraine,988
Zac Graham,Australia,987
Cormac Farrell,United Kingdom,987
Nikita Malykhin (Никита Малыхин),Russia,985
Yi-Ho Hsueh (薛以和),Taiwan,985
Callum Goodyear,United Kingdom,985
Will Gurnett,Australia,984
Reinier Schippers,Netherlands,984
Robert Yau,United Kingdom,979
Francisco Hamlin,Argentina,978
Taine Cassar,Australia,978
Patrick Ponce,USA,977
Sofiya Bondarenko,Ukraine,977
Darren Siew Ee Yaang (蕭奕暘),Malaysia,976
Víctor Gálvez,Uruguay,975
Renxin Tang (汤任欣),China,975
Stephen Griggs,USA,974
Michael Muething,USA,973
Nikhil Soares,India,971
Wojciech Piórczyński,Poland,970
Waldemar Sundin,Sweden,970
AJ Kamal,USA,969
Adam Chodyniecki,Poland,967
Adrien Auvray Matyn,New Zealand,967
Bill Wang,Canada,967
David Epstein,Australia,966
Sebastian Outh-Aut,Australia,965
Alex Van Vugt,Australia,965
Marquez Phan,Australia,964
Tristan Chua Yong,Singapore,964
Zhenyu Wang (王振宇),China,964
Michael Chai (柴天方),USA,964
Callum Hales-Jepp,United Kingdom,964
Charlie Eggins,Australia,962
Daniel Zepeda,USA,962
Wayne Pi,Taiwan,961
Paul Mahvi,USA,961
Jayden McNeill,Australia,961
Zejun Chen (陈泽鋆),China,960
Dominik Unijewski,Poland,960
Hayden Ng,Australia,959
Diego Alfonso,France,959
Myles Jarman,Australia,958
Beau Ramsey,USA,958
Mats Valk,Netherlands,958
Matthew Cook,Australia,957
Zuhayr Muhammad Haq,Australia,957
Leandro Martín López,Argentina,957
Haohan Zheng (郑皓涵),China,957
Ilya Nazarov,Russia,956
Finn Trass,New Zealand,955
Philopatir Bichoy Raafat Chenouda,Egypt,954
Blake Thompson,USA,953
Nicolas Vansteen,Belgium,953
Lev Golub (Лев Голуб),Ukraine,952
Jan Bentlage,Germany,952
Paweł Duraj,Poland,951
Dana Yi,USA,951
Caleb Clark,Australia,950
Max Beames,Australia,950
Andy Denney,USA,949
Ethan Pan,New Zealand,949
Ben Kirby,New Zealand,948
Alexander Montoya,Peru,947
Jacob Chambers,United Kingdom,947
Kyeongmin Choi,Korea,946
Tommas Austin-Milne,Australia,945
Fabio Schwandt,United Kingdom,943
Grigoriy Barashkin,Russia,943
Danil Antoniu (Данил Антониу),Russia,942
Joanna Hołdakowska,Poland,941
Luka Jankovic,Serbia,941
Adam Marcellus Kelly,USA,941
Tymon Kolasiński,Poland,940
Bence Barát,Hungary,939
Henri Gerber,Germany,938
Andrey Mishin,Russia,938
Chun-Yu Yang (楊竣宇),Taiwan,938
Ben Stokes,United Kingdom,938
Manuel Malvárez,Uruguay,937
Mateusz Szulik,Poland,937
Michael Andres Castillo Lemus,Colombia,937
Antonie Paterakis,Greece,937
Hao Do,Australia,937
Ashley Foster,New Zealand,937
Bart Sekulski,Poland,936
Zhiquan Li (李志权),China,935
Ethan Pride,Australia,935
Ivan Bogdan,Belarus,935
Peri Le Dain,USA,935
Oscar Watson,Australia,935
Tommy Cherry,USA,935
Mattheo de Wit,Netherlands,935
Vyacheslav Kochergin (Вячеслав Кочергин),Russia,934
Umut Coşan,Turkey,934
Caleb Hall,New Zealand,933
Lucas Déglise,France,933
Cian-Jyun Yang (楊謙君),Taiwan,932
Ryan Wu,Canada,932
Timur Imanov,Russia,932
Tommy Kiprillis,Australia,932
Ernest Seroczyński,Poland,931
José David Rendón Martínez,Colombia,931
Aidan McKenzie,USA,931
Kyle Nguyen,USA,931
Ioannis Papadopoulos,Greece,931
Junqi Feng (冯骏骐),China,929
Qi Mi (米琦),China,929
Roy Lee,USA,929
Louis Cormier,Canada,929
William Holloway,Australia,927
Mia Sponseller,USA,927
Linus Laurén,Finland,926
David Pearce,Australia,925
Jack Mennie,Australia,925
Matěj Grohmann,Czech Republic,924
Ozer Uysal,Australia,923
Krzysztof Boguszewski,Poland,923
Trần Đăng Quang,Vietnam,923
Ray Bai,USA,923
Jeff Miao,China,922
Hernán Levano Villalobos,Peru,921
Szymon Malinowski,Poland,921
Dylan Miller,USA,920
Jeann Valdez,Australia,920
Nate Mochrie,New Zealand,920
Livia Kleiner,USA,920
Choi Hyo-jin (최효진),Korea,919
Benjamin Gottschalk,USA,919
Igor Tarabrin (Игорь Тарабрин),Russia,919
Mattia Furlan,Italy,919
Szymon Brzana,Poland,918
David McLean,Australia,918
Sean Hartman,USA,917
Cass Hopkins,Australia,917
Rémi Perrin,France,917
Rafał Sądek,Poland,915
John Bacouël,France,915
Jakub Hamkało,Poland,915
Michael Eleftheriades,Cyprus,914
Daniel Gutierrez,USA,914
Adam Hlavín,Czech Republic,914
Michał Mlostek,Poland,914
Chenhao Sun (孙晨皓),China,913
Islam Kitiev,Russia,912
Heinrich de Lange,South Africa,912
Erkin Can,Turkey,912
Sukant Koul,India,911
Leeah Gard-Spaulding,Australia,911
Ethan Basanov,Canada,911
Roan Paone,Canada,911
Mathias Søndergaard Byrne,Denmark,911
Ömer Faruk Bircan,Turkey,911
Zhao-Zhe Zhong (鍾肇哲),Taiwan,911
Jeongyoon Yeo,Korea,911
Chuhao Guo (郭楚昊),China,911
Alexis Rodrigo Cazu Mendoza,Mexico,910
Tom Stanton-Barnett,New Zealand,910
Rami Sbahi,USA,910
Dylan Baumbach,USA,910
Stanley Chapel,USA,910
Ziqi Ding,China,909
János Bereczki,Romania,909
Luke Garrett,USA,908
Maksym Oliynyk (Максим Олійник),Ukraine,908
Alvaro Haidar Ersha,Indonesia,908
Walker Welch,USA,907
Ramses Amaya,Colombia,906
John Gaynor,USA,906
Anton Smolyanyy,USA,906
Bhargav Narasimhan,India,906
Marco Rota,Italy,906
Alexey Zharikov,Russia,905
Rafał Waryszak,Poland,905
Matej Bolta,Slovenia,905
Rodrigo Cabezas,Chile,905
Yuhang Sun (孙煜航),China,905
Markus Hirvonen,Australia,904
Do Hyun Kwon (권도현),Korea,903
Ryan Glennon,Australia,903
Ryan Yasinko,Canada,903
Nguyễn Hoàng Thiên Vũ,Vietnam,903
Jesús Domínguez Matos,Peru,902
Taylor Cookmeyer,USA,902
Daniel Heberg Jørgensen,Denmark,902
Cole Campbell,New Zealand,902
Magnus Patrick Kanstrup,Denmark,901
Anvar Abdullaev,Uzbekistan,901
Chan Hui Tung (陳許瞳),Hong Kong,900
Marcos Gabriel Gomes,Australia,900
Bo-Yan Wu (吳柏彥),Taiwan,900
Matic Omulec,Slovenia,899
Eder Olivencia Gonzalez,Spain,899
Jefferson Andres Durango Argaez,Colombia,899
Hill Pong Yong Feng,Malaysia,899
Joshua Tekwie,Papua New Guinea,898
Ahmet Çınar Ablak,Turkey,898
Christian Foyle,Australia,898
Chenxiao He (何辰骁),China,898
Ahmet Haris Alimi,Turkey,897
Alex Asbery,New Zealand,897
Pavel Eroshkin (Павел Ерошкин),Russia,897
Aleksandr Beznogov,Russia,897
Carter Kucala,USA,896
Jonathan Esparaz,Canada,896
Evan Liu,USA,896
Daphne Soegijono,Indonesia,896
Dmitry Kryuzban,Russia,895
Damián Campos,Argentina,895
Ujjawal Pabreja,India,895
Ahmed Ghandoor,Egypt,894
Anthony Lafourcade,France,894
David Vujasić,Croatia,894
Nikolay Vasilyev,Russia,894
Lennon Hughes,Australia,893
Daniel Grabski,Austria,893
Elvin Thorsen,Sweden,893
Jack Stewart,USA,893
Leo Hock-Morris,Australia,892
Maxim Ilin,Russia,892
Laura Holzhauer,Germany,892
Pau Vela García,Spain,892
Erik Akkersdijk,Netherlands,891
Mikhail Kopylov (Михаил Копылов),Russia,891
Jack Pfeifer,USA,891
Ming Dao Ting,Australia,891
DongSu Park (박동수),Korea,890
Cory Yurkovic,USA,890
Tomáš Nguyen,Vietnam,889
Mohammed Aiman Koli,India,889
Fred Lang,United Kingdom,888
Vladyslav Hryniuk (Владислав Гринюк),Ukraine,888
Phoenix Patterson,Australia,888
Asher Kim-Magierek,USA,888
Ilona Ansel,France,887
Nicolas Gertner,France,887
Hao Zhang (张昊),China,886
Matthew Lee,Canada,886
Maheran Chowdhury,Australia,886
Joshua Santiago Monterrosa Herrera,Mexico,884
Thomas Smith,Australia,884
Richard Yiheng Tao,New Zealand,884
Tyler Williams,Australia,883
Paris Dorn,Canada,883
Mark Ostrom,United Kingdom,883
Andrew Sherman,Australia,883
Daniel Karnaukh,USA,883
Serdar Özdemir,Turkey,883
Jingpeng Wu (吴劲芃),China,883
You-Jun Hsieh (謝侑峻),Taiwan,882
Evan Liu,Canada,882
James Molloy,United Kingdom,882
Tyler Howlett,USA,882
Elyas Eyou,New Zealand,882
Aquila Janoschka,Australia,881
Kyle Polage,USA,881
William Gan Wei Ren (颜伟仁),Malaysia,881
Grzegorz Chudzik,Poland,881
Zhiyuan Ma (马之元),China,881
Semen Artyukhov,Russia,881
Jose Ortiz Jr.,USA,880
Joonas Silvennoinen,Finland,880
Przemysław Rogalski,Poland,880
Tiffany Chien,USA,880
Patrick Quach,Australia,879
Christian Manuel de Lange,New Zealand,879
Riley Woo,USA,879
Vojtěch Kundera,Czech Republic,879
Sujai Shakthivel,India,879
Ivaylo Ivaylov Vichev,Bulgaria,878
Joshua Feran,USA,878
Jamie Otsu,Australia,878
Kanting Shi (史勘霆),China,878
Kristiāns Pietkuns,Latvia,877
Yexin Zhang (张业鑫),China,877
Pavlo Bondar (Павло Бондар),Ukraine,877
Danny SungIn Park,Korea,877
Piotr Kogut,Poland,876
Zak Kenny,Australia,876
Luke Burong,Australia,876
Calix Tang,USA,876
Saavar Bajaj,Australia,876
Allan Gasnier,France,875
Konstantinos Parissis,Greece,875
Richard Jay S. Apagar,Philippines,875
Lucas Kuczaj,Canada,875
Julian Bürgi,Switzerland,874
Jared Stinson,USA,874
Aedan Bryant,USA,874
Dylan Cossin,USA,874
Chun-Xi Roan (阮淳熙),Taiwan,873
Mitchell Cretan,Australia,873
Danil Kotenkov (Данил Котенков),Russia,873
Sora Sato,Australia,873
Will Callan,USA,873
Łukasz Dubicki,Poland,873
Matthew Look,Canada,872
Arkadiusz Żynel,Poland,872
Liam Wadek,New Zealand,872
Hargun Singh Tikku,India,871
Sheng Cao (曹晟),China,871
Marco Yang,Canada,871
Leonard Wetzel,Germany,871
Doyul Kim (김도율),Korea,871
Tyler Robinson,USA,870
Pedro Giuseppe Garcia Milla,Peru,870
Yahia Ahmed Abdallah Elhawy,Egypt,869
Ho Hsieh (謝合),Taiwan,869
Amir Husain,Kazakhstan,869
Ahmet Barış Atlı,Turkey,869
Dmitriy Skakun,Russia,869
Isaac Wells,Australia,869
Jiazheng Zhao (赵家正),China,868
Adrian Oon,Australia,868
Shao-Heng Hung (洪紹恆),Taiwan,868
Chong Jen Foong (莊振峰),Malaysia,868
Henry Lichner,USA,867
Gjorgji Cheshmedjievski,North Macedonia,867
Joel Cetra,Germany,867
Harry Savage,United Kingdom,867
Daniel Sheppard,United Kingdom,867
Jack McDougall,New Zealand,867
Isaac Vergara Castillo,Mexico,867
Amelie Dieterich,Germany,867
Shanglin Ye,Canada,866
Krish Shah-Nathwani,USA,866
Phạm Đức Phước,Vietnam,866
Juan David Carmona Vásquez,Colombia,866
Calvin Nielson,USA,866
Mantas Urbanavičius,Lithuania,865
Theo Iván Goluboff,Argentina,865
Zoé de Moffarts,Belgium,865
Timotej Andrejko,Slovakia,865
Tomáš Szyszkowicz,Czech Republic,864
Mitchell Lane,USA,864
Eli Parker,USA,864
Lucas Chung,Australia,864
Jonathan O'Neill,Australia,864
Ryan Pilat,USA,864
Iurii Chesnokov (Юрий Чесноков),Russia,863
Adrian Dębski,Poland,863
Joel David Hibbert,Australia,863
Deniz Atak,USA,863
Isaac Lai Yin Chung,Canada,863
Daniel Goodman,USA,863
Sarina Wang,New Zealand,863
Hugo Kinichi Briner,Australia,863
Isaac Langer,USA,863
James Quinn,USA,862
Serhii Fedorniak (Сергій Федорняк),Ukraine,862
Nikita Starodubov,Belarus,861
Rūdolfs Vīnkalns,Latvia,861
Kirby Jay Caragan,Philippines,860
Aneurin Hunt,New Zealand,860
Lorenz Hurlet,Belgium,860
Mohamed Mostafa,Egypt,859
Travis Burkett,USA,859
Marcin Stachura,Poland,859
Cheng-Ru Yang,New Zealand,858
Ilia Murmulyak,Russia,858
Guillaume David,Belgium,858
Govend Avgerinos Djangoi,Sweden,858
Diego Trujeque,Mexico,858
Tomasz Cepil,Poland,857
Natthaphat Mahtani (ณัฐภัทร จี มาทานี),Thailand,857
Jhon Edinson Arias Parra,Colombia,857
Jimmy Tran,USA,857
Angeline Wijaya (黃千儀),Indonesia,856
Krishang Agarwal,India,856
Masayuki Hirai (平井雅之),Japan,856
Seung Hyuk Nahm (남승혁),Korea,856
Noah Swor,USA,856
Elijah Brown,USA,855
Joe Davis,Australia,855
Ivan Polkanov (Иван Полканов),Russia,855
Carol Chai,New Zealand,855
Owen Widdis,USA,854
Marc Tol,Netherlands,854
Muhammed Pusat Özçelik,Turkey,854
Dallas McNeil,Australia,854
Kajetan Opach,Poland,854
Tom Noble,Australia,854
Li Chak Kwan (李澤堃),Hong Kong,853
Marie Vincent,France,853
Alikhan Umarov (Алихан Умаров),Kazakhstan,853
Elizaveta Rymshina (Елизавета Ры́мшина),Russia,852
Georgiy Titov (Георгій Тітов),Ukraine,852
Kirill Netesov,Russia,852
Aiden Dajun Kim,Canada,852
Malek Hamoui,Ghana,852
Sean Weatherley,Australia,851
Daniel Tidsey,United Kingdom,851
Nicholas Paul,Australia,851
Milhouse Gibbons-Paul,United Kingdom,851
Timothy Castle,USA,851
Taosif Amin Sahil,Bangladesh,850
Can Gücüyener,Turkey,850
Steve Greer,USA,849
Alevio Hamizan Ersha,Indonesia,849
Adriel Wiebe,USA,849
Ryan Driscoll,Australia,848
Mohannad Mahmoud Fathy,Egypt,848
Håkon Fredriksen,Norway,848
Ricardo Zapata Cruz,Venezuela,848
Brian Johnson,USA,847
Kari Hyttinen,Finland,847
Sameer Aggarwal,USA,847
Robert Alden,United Kingdom,847
Bill Hammill,United Kingdom,846
James Gonsalves,India,846
Aolin Tang (唐奥林),China,846
Timo Günthardt,Switzerland,845
Sam van Vliet,Australia,845
Camerone Chin,New Zealand,845
Aset Agabekov (Асет Агабеков),Kazakhstan,845
Tomohiro Kobayashi (小林知広),Japan,845
Varun Mohanraj,USA,845
Gabriel Santiago Velez Gonzalez,Colombia,845
Conan Mo,Australia,845
Braden Richards,USA,844
Willi Mickein,Germany,844
Naren Loganathan,USA,844
Finn van der Maas,Netherlands,844
Alexander Batz,Guatemala,843
Luke Heath-Edwards,New Zealand,843
Max Xiong (熊锐明),China,843
Raffael Simonet,Switzerland,843
Maksim Cheranyov (Максим Черанёв),Kazakhstan,843
Gerard McGinley,Australia,843
Nick Nijssen,Netherlands,842
Chong Hau Han,Malaysia,842
Vladimir Fedorov,Russia,842
Vladyslav Zhydkov (Владислав Жидков),Ukraine,842
Rafae Rajani,Australia,842
Zachary Ochs,USA,841
Magnus Bester,South Africa,841
Ianis Costin Chele,Romania,841
Leon Achata,Peru,841
Samuel Janssen,Belgium,840
Henry Won Kai Sheng,Malaysia,840
Tom Chiesura,France,840
Dimitrije Vlajić,Serbia,840
Saveliy Surikov,Russia,840
Charlie Harrison,United Kingdom,839
Huang-Bang Fang (房黃邦),Taiwan,839
Yunhui Zhao (赵云晖),China,838
Zhitian Chen (陈知湉),China,838
Helmer Ewert,Sweden,838
Nicolas Harper,USA,838
Hassan Khanani,USA,838
Michael Alexander,Australia,838
James Arellano,USA,837
Brody Hilton,USA,837
Kim Min (김민),Korea,837
Maverick Pearson,South Africa,837
Novaleigh Bui Nghi,Vietnam,837
Daniel Rush,South Africa,837
Mostafa Belal Elfaggal,Egypt,837
Dylan Beetge,Australia,836
Yiqun Liu (刘轶群),China,836
Manuel Gutman,Argentina,836
Karol Piskorek,Poland,836
Sam Myung,USA,836
Tobias Peter,Switzerland,836
Sarah Cook,USA,835
Ishaan Lal,USA,835
Darya Belonogova,Russia,835
Shanawer Yaqoob,Australia,835
Theo Hall,United Kingdom,834
Davron Takhirov,Uzbekistan,834
Preston Duke,USA,834
Joaquin Abarca,Canada,833
Lorenzo Mauro,Italy,833
Alexander Bashutkin,Russia,833
Jonathan Boer,Netherlands,833
Gustavo Adolfo Farina Cabral,Dominican Republic,833
Chris Deng,USA,833
Thompson Clarke,Canada,832
Brandon Poulton,United Kingdom,832
George Scholey,United Kingdom,832
Rafik Sarwat Naeem Ragheb,Egypt,831
Leo Millar,Australia,831
Pranav Prabhu,India,831
Joe Yang,USA,831
Yaroslav Morhun (Ярослав Моргун),Ukraine,830
Leon Tran,Australia,830
Ewsey Obzherin,Russia,830
Xavier W. NcCorchuk,USA,829
Ruihang Xu (许瑞航),China,829
Bokang Peng (彭博康),China,829
Akshaansh Chilakapati,India,829
Oleksandr Pryimakov (Олександр Приймаков),Ukraine,829
Dennis Hu,New Zealand,829
Firstian Fushada (符逢城),Indonesia,828
Ansh Iyer,India,828
Parker Trager,USA,828
Duncan Butcher,Australia,828
Jakub Drobný,Slovakia,828
Seath Margatinez,Philippines,827
Slavomil Voloskov (Славомил Волосков),Russia,827
Mikołaj Tyra,Poland,827
Simon Kellum,USA,827
Jan Erik Soosaar,Estonia,827
Celine Tran,Norway,827
Felipe Medel,Chile,827
Lev Maslov,Russia,827
Renato Stopic,Bosnia and Herzegovina,827
Thibault Piollat,France,826
Amina Chebochakova (Амина Чебочакова),Russia,826
Florian Truckenthanner,Austria,826
Martin Fronescu,Romania,826
Ahmad Ayman,Egypt,826
Luke Griesser,USA,826
Matvei Zakataev (Матвей Закатаев),Russia,825
Nathan Barbre,USA,825
Oleksii Lukin (Олексій Лукін),Ukraine,825
Eben Quenneville,USA,825
Luis Eduardo Martínez Castellanos,Mexico,825
Jason White,USA,824
Asia Konvittayayotin (เอเชีย กรวิทยโยธิน),Thailand,824
Leow Yi Jun (廖艺畯),Malaysia,824
Leo Lindqvist,Sweden,824
Daniel Mullen,USA,824
John Colacarro,USA,823
Francisco Moraes Mandalozzo,Brazil,823
Jackson Moorhead,New Zealand,823
Mateusz Gil,Poland,823
Xinyan Li (李心妍),China,823
Rory Bailey,New Zealand,822
Louis-Marie Ratto,France,822
Artur Chechekhin (Артур Чечёхин),Russia,822
Olivier Vos,Netherlands,822
Laura Ting,Australia,822
Sheldon Rego,India,822
Cezary Mach,Poland,822
Abhimanyu Singhal,India,822
Vicente Astroza,Chile,821
Luke Van Laningham,USA,821
Stian Nystad Østli,Norway,821
Levi Gibson,USA,821
Elian Beguec,France,821
David Arzamastsev,Russia,820
Keaton Ellis,USA,820
Aiden Chan,Canada,819
Ayaz Minnegaleev,Russia,819
Alexey Kislovskiy,Russia,819
Edward Zeng,Canada,819
Oliver Fritz,Germany,819
Dash Cannon,Australia,819
Kim Roger Høyland Larsen,Norway,819
William Barlow,New Zealand,819
Omar Ellabban,Canada,819
Nguyễn Trần Hải Anh,Vietnam,818
Liubov Abashkina (Любовь Абашкина),Russia,818
Arnav Adani,India,818
Javad Jafarli,Azerbaijan,818
Alberto Palacio,Dominican Republic,818
Cary Huang,USA,818
Linus Kunath,Germany,818
Jan Staubach,Germany,818
Choi Go-Ho (최고호),Korea,817
Valeriia Volova (Валерія Волова),Ukraine,817
Eduard Esteban García Domínguez,Colombia,817
Heewon Seo,USA,817
Benjamin Walker,Australia,816
Rui-Jun Liu (劉睿鈞),Taiwan,816
Maksym B. Tsymbaliuk (Максим Б. Цимбалюк),Ukraine,816
Dominic Redisi,USA,815
Byron Gronning,Australia,815
Darby Lee,Australia,815
Daiven Strom,USA,814
Zedan Mohamed Ahmed,Egypt,814
Thomas Imada,Canada,814
Aissultan Aizharkynuly (Айсұлтан Айжарқынұлы),Kazakhstan,814
Nipat Charoenpholphant (นิพัฒน์ เจริญพลพันธุ์),Thailand,814
Mitchell Hum,USA,814
Márton Vancsa,Hungary,814
Oliver Leigh,Australia,814
Hubert Hanusiak,Poland,814
Nikita Piialtcev,Russia,814
Suzanna Sharpless,USA,814
Andrey Kolevatykh (Андрей Колеватых),Russia,814
Abdelhak Kaddour,France,814
Trần Đình Anh,Vietnam,813
Gabriel Ben,Australia,813
Jie Zhang (张杰),China,812
Jiate Xie (谢佳特),China,812
Arina Baskakova (Арина Баскакова),Russia,812
Ethan Rusnak,Canada,812
Devina Gokaldas,India,812
Dmitrii Vershinin (Дмитрий Вершинин),Russia,811
Danila Ryabinin,Russia,811
Liam Pipia,Australia,811
Yu-Kai Chen (陳宇楷),Taiwan,811
Firmin Brault,France,811
Arseniy Dyachenko,Russia,811
Jason Harley,United Kingdom,811
Hubert Firek,Poland,811
Akash Rupela,India,810
Renat Nurgaleev,Russia,810
Jack Maddigan,New Zealand,810
Kyyarkhan Nikolaev,Russia,810
Caio Hideaki Sato,Brazil,810
Nathaniel Gee,USA,810
Kymberlyn Calderon,USA,810
Anton Bozhnev,Russia,809
Zeke Mackay,USA,809
Lauren Phung,USA,809
Lukáš Najman,Czech Republic,809
Dmitry Matthew Yaquinto,Russia,809
Junze Zhao (赵俊泽),China,809
Azhar Virani,USA,809
Dylan Ulysses James Thomas,Australia,808
Simon Westlund,Sweden,808
Mathai Manavalan,Australia,808
Bautista Bonazzola,Argentina,808
Cheng-Han Chu (朱政翰),Taiwan,808
Zach Amiridis,Australia,808
Julian Sico,New Zealand,808
Scott Froggatt,Ireland,808
Ihor Kastranets (Ігор Кастранець),Ukraine,807
Henry Helmuth,USA,807
Bakhytzhan Sharipbay (Бахытжан Шарипбай),Kazakhstan,807
Eduardo Gabriel Silva Bezerra,Brazil,807
Alexander Mutch,Canada,807
Conlan Trace,USA,807
Santiago Peña Urrego,Colombia,807
Andreas Jensen Forsgren,Norway,806
Antonio López,Spain,806
Arhaan Sareen,Canada,806
Nikita Pak,Russia,806
Luca Stalpers,Netherlands,806
Katie Hull,USA,806
Zhongyu Zheng (郑仲宇),China,806
Matej Marčok,Serbia,805
Samuel Kro,Norway,805
Mantra Shukla,New Zealand,805
Lucas Buckley,Australia,805
Étienne Aubry,France,805
Owen Chester,USA,805
Jason Ostdiek,USA,805
Jacob Joshi,Australia,804
Alicja Tyrakowska,Poland,804
Leonid Shcherbakov (Леонид Щербаков),Russia,804
Oliver Hutchinson,Australia,804
Ihor Sukhovatenko (Ігор Суховатенко),Ukraine,804
Võ Nguyên Phát,Vietnam,804
Heng Liao (廖衡),Taiwan,803
Elias Alonso Usaqui Cabezas,Peru,803
Juan de Dios Noriega Sánchez,Mexico,803
Adam Kędziorski,Poland,803
Harrison Hollands,Australia,803
Xinyun Chen (陈新运),China,803
Zak Howard,Australia,802
Andres Arias Medina,Colombia,802
Constantin Lüske,Germany,802
Anjal Timsina,Nepal,802
Salma Yasser Abdelmageed,Egypt,802
Clément Burgevin,France,801
Leopoldo Andrés Ibarra Fuentes,Chile,801
Akmal Abduazizov,Uzbekistan,801
Michał Halczuk,Poland,801
Artem Kulikov (Артём Куликов),Russia,801
Kate Grahame,USA,800
Alexander Gusev,Russia,800
Chris Yoder,USA,800
Maxim Kozlov (Максим Козлов),Russia,800
Aleksey Tkachenko,Russia,800
Mitchell William Su,New Zealand,800
Vishwa Sankar,USA,800
Revan Rajahmoney,Australia,800
CJ York,USA,800
Riley Johnstone,Canada,800
Felix Kiera,Australia,800
Daniel Fraser,New Zealand,800
Peter Weyers,USA,800
Charlie Stark,United Kingdom,799
John Brechon,USA,799
Nicole Wang,Canada,799
Karina Voevodina,Russia,799
Dmitriy Kukuev,Russia,798
Dmitry Sidorenko,Russia,798
Benjamin Pugh,USA,798
Maoxuan Chen (陈茂轩),China,798
Ivan Torgashov (Иван Торгашов),Russia,798
Diego Fraile,France,798
Jules Desjardin,France,798
Zhukun Zhong (钟柱坤),China,798
Jacobo Alvarez,Colombia,798
Zhiyu Qian (钱治宇),China,797
Dmitry Melnikov (Дмитрий Мельников),Russia,797
Birkan Mayadağ,Turkey,797
Mohamed Yehya,Lebanon,797
Mary Hennessy,Ireland,797
Tiana Diachenko,Australia,797
Stepan Makarenko,Russia,797
Viktor Kalmar,Austria,796
Trenton Nelson,USA,796
Ilya Sokolov,Russia,796
Yusheng Du (杜宇生),China,796
Alexander Persaud,USA,796
Vaishnav Nitesh,India,796
Mihai Căpăţinescu,Romania,795
Yashwardhan Budhiraja,India,795
Stanisław Dąbrowski,Poland,795
Don Angelo Joson,Philippines,794
Sam Jacklin,United Kingdom,794
Samuel Long,Australia,794
Danila Rogozhnikov (Данила Рогожников),Russia,794
Viktoria Ivanova (Виктория Иванова),Russia,794
Rasmus Händén,Sweden,794
Brody Lassner,USA,794
Tobiasz Rychlik,Poland,793
Weijie Fang (方伟杰),China,793
Manuel Prieto de Antón,Spain,793
Chelsea Watts,Australia,793
Enzo Bruder-Jeannot,France,793
Nathan Daviaud,France,793
David Suit,USA,792
Daniel Yakhkind,Israel,792
Ying Lin (林颖),China,792
Joshua Broderick Phillips,USA,792
Ethan Hickman,Australia,792
Sameer Sethuram,USA,792
Hua-Ting Lee (李華庭),Taiwan,792
Sergey Mironchenkov,Russia,792
Dylan Hughlett,USA,791
Kit Clement,USA,791
Tony Nguyen,Vietnam,791
Da-Yeong Kim (김다영),Korea,791
Roman Povolotskii,Russia,791
He-Ping Zheng (鄭和平),Taiwan,791
Carter Thomas,USA,791
Rishi Raj,USA,790
Mohamed Elsayed Ali,Egypt,790
Alexey Yarygin,Russia,790
Aamir Saifee,India,790
Daniyal Suleymen (Даниял Сулеймен),Kazakhstan,790
Nicolás Irenco Peña Henríquez,Chile,790
Yu Feng (冯煜),China,790
Jolina Chen,Australia,789
Jan Riedl,Czech Republic,789
Andrew Nathenson,USA,789
Giovanni Contardi,Italy,789
Lir Ukaj,France,789
Max Walaszek,USA,789
Nicolás Truijens,Switzerland,789
Pavel Galaktionov,Russia,789
Daniel Quach,New Zealand,789
Egdar Castillo,Panama,789
Tobiasz Augustyn,Poland,788
Serena Jones,New Zealand,788
Yuheng Zhu,China,788
Frederik Løchte,Denmark,788
Chih-Chuan Yang (楊智全),Taiwan,788
Jeidun Hastriter,USA,788
Amir Murzakarimov (Амир Мурзакаримов),Kazakhstan,787
Ivan Benedict Lee Yap,Philippines,787
Wonbao Kua,Australia,787
Nguyễn Ngọc Thịnh,Vietnam,786
Qiang Ma (马强),China,786
Luis Mateo Peñuela Jara,Colombia,786
Rodrigo Alves Miranda,Brazil,785
Maxen Morrison,Canada,785
Anderson Encarnación Cabrera,Dominican Republic,785
Mert Sağdınç,Turkey,785
Tommy Szeliga,USA,785
Anqi Dai (戴安琪),China,785
Miron Solopov (Мирон Солопов),Russia,785
Nestor Sokhan,USA,785
Bauyrzhan Zhandossuly (Бауыржан Жандосұлы),Kazakhstan,785
Mengfei Shen (沈梦非),China,785
Maria Lebedeva (Мария Лебедева),Russia,785
Brennen Lin,Canada,785
Ian Holmes,Netherlands,785
Harry Taylor,United Kingdom,785
David Edwards,Czech Republic,784
Obed Gamaliel Ortíz Piña,Mexico,784
Cameron Miller,USA,784
Ben Baron,Israel,784
Eshiel Narayanan,Australia,784
Rami El Mallah,Lebanon,784
Malte Ihlefeld,Germany,784
Vaibhav-Jai Ravipati,Australia,784
Jose Alberto Rodriguez Nuñez,Mexico,784
Sandy Aaron Jones,France,783
Qingpo Niu (牛青坡),China,783
Deniz Han Bilyay,Turkey,782
Ezra Hirschi,Switzerland,782
Michael Larsen,USA,782
Zack Hall,Australia,782
Levente Swanepoel,New Zealand,782
Jaidon Zain Adams,United Kingdom,782
Vincent Chen,USA,781
Jonah Blakeley,Australia,781
Levi Cordeiro do Vale Menezes,Brazil,781
Lee Stanton-Barnett,New Zealand,781
Mikhail Novoselov,Russia,781
Lucas Jacobs,Canada,781
Chuokai Liu (刘逴锴),China,780
Gael Augusto Lapeyre,Argentina,780
Chloé Demuynck,France,779
Arush Singh,India,779
Matthew Sieredzinski,Australia,779
Josiah Thomas,Canada,779
James Hildreth,USA,779
Miika Ogorevc,Canada,779
Yerkin Assylbek,Kazakhstan,779
Benjamin Wei,USA,779
Jacob Ambrose,USA,779
Vishal Mohanraju,India,779
Isaac Macdonald,New Zealand,778
Dias Murzalin (Диас Мурзалин),Kazakhstan,778
Kasper Jansson,USA,778
Andrey Mrinskiy (Андрей Мринский),Russia,778
Shukrullo Ibragimov,Tajikistan,777
Anh H. Nguyen,Vietnam,777
Ruei-Ying Huang (黃睿穎),Taiwan,777
Liam Highducheck,Australia,777
Jerome Hotchkiss,USA,777
Omar Mohamed Said Mohamed Hassan Elgammal,Egypt,777
Aleksey Zuev,Russia,777
Dmitry Zvyagintsev,Russia,776
Ainesh Sevellaraja,Malaysia,776
Raymond Goslow,USA,776
Levy Fernandes Pereira,Brazil,776
Piotr Olszewski,Poland,776
Jonah Nicolaou,Australia,775
Filip Nilsen,Norway,775
Rahul Venkatesan,India,775
Joshua Zhang,USA,775
Brandon Nunez,USA,775
Artem Permyakov (Артём Пермяков),Russia,775
Jakub Hercik,Czech Republic,774
Vincent Contini,Australia,774
David Calderón Arce,Costa Rica,774
Benjamin Blaikie,New Zealand,774
Oleksandr Livkovych (Олександр Лівкович),Ukraine,774
Anton Reutov (Антон Реутов),Russia,774
Jorge Augusto Siqueira Pinto,Brazil,774
Raúl Martínez Redondo,Spain,774
Mohammad Siwom Chowdhury,Bangladesh,774
Xianchen Liu (刘显臣),China,774
Edbert Sim,Australia,774
Mikhail Kharitonov,Russia,774
Dominik Fürer,Switzerland,773
Rasmus Stub Detlefsen,Denmark,773
Aleksandar Dukleski,North Macedonia,773
Paxton Bennison,Australia,773
Eva Kato,USA,773
Marcel Nycz,Poland,773
Riccardo Pilan,Italy,773
Mark Bennis,Netherlands,773
Jonathan Mauroy,Belgium,772
Ryan Silva,USA,772
Chen-Yu Wang (王晨羽),Taiwan,772
Robert G. Pearce IV,USA,772
Isaac Myers,USA,772
Jingming Xu (许菁铭),China,772
Jinseo Hong,Korea,772
Ali Antar,Egypt,772
Benito Sebastian Flores Vázquez,Mexico,772
Ekaterina Soboleva (Екатерина Соболева),Russia,772
Bryan Eng,Australia,772
Alexander Botz,Germany,771
Laura Mellier,Switzerland,771
Tiannan Wang (王天南),China,771
Will Newhoff,USA,771
Nicolas Marin Urrea,Colombia,771
Lucas Cordeiro do Vale Menezes,Brazil,770
Yasa Zaheen,Bangladesh,770
Zachary Giesken,USA,770
Mark Popov (Марк Попов),Russia,770
Teodor-David Soporan,Romania,770
Gijs Peletier,Netherlands,770
Luigi Soriano,USA,770
Lachlan Stephens,Australia,770
Dylan Swarts,South Africa,770
Denis Gromov (Денис Громов),Russia,770
Samir Piazzano,Italy,770
Nick Agatyn,Australia,769
Vitor Wagner Abreu,Brazil,769
Cooper Cutcliffe,Australia,769
Jorge Rafael Castañeda Sánchez,Mexico,769
Lucinda Zhou,USA,769
Paul Watson,Ireland,769
Tripp Peters,USA,769
Carson Deibert,Canada,769
Declan James Douglas McLennan,Australia,769
Valeriy Mankevich (Валерий Манкевич),Russia,768
Jakub Grzyb,Poland,768
Dagne Poveda,Costa Rica,768
Simone Ohler,Germany,768
Joseph C. Browning,USA,768
Clyde Dencer Tutor,Philippines,767
Maria Zhits,Russia,767
Jacob Watters,New Zealand,767
Hector David Martinez Argaez,Colombia,767
Oliver Fisk,United Kingdom,767
Guy Taragano,Israel,767
Arifumi Fushimi (伏見有史),Japan,767
Moksh Patel,India,766
Luke Robles,USA,766
Silas Starling,USA,766
Hazel Moises Ruiz Gutierrez,Mexico,766
Claudio Matias Cancino Bruna,Chile,766
Yurii Hnidko (Юрій Гнідко),Ukraine,765
Benjamin Shurmer,Australia,765
Nicholas Roberts,USA,765
Ostap Skakun (Остап Скакун),Ukraine,765
Chance J. Lockwood,USA,765
Chia-Jui Lin (林家睿),Taiwan,765
Mikhail Glazov (Михаил Глазов),Russia,765
Vasily Bolshakov (Василий Большаков),Russia,765
Ertugan Mulkubai (Ертуган Мулькубай),Kazakhstan,765
