name,country,skewb
Zayn Khanani,USA,1309
Daniel Vædele Egdal,Denmark,1302
Marcus Moberg,Sweden,1257
Łukasz Burliga,Poland,1252
Martin Vædele Egdal,Denmark,1247
Michał Krasowski,Poland,1243
Daniel Wallin,Sweden,1232
Johan Mørkbak Bertelsen,Denmark,1228
Cezary Mach,Poland,1215
Jakob Gunnarsson,Sweden,1210
Aniket Das,India,1209
Brayden Wroten,USA,1209
Dwyane Ramos,New Zealand,1203
Magdalena Pabisz,Poland,1202
Phoenix Patterson,Australia,1195
Vojtěch Kundera,Czech Republic,1193
Luke Garrett,USA,1191
Alexander Tosting,Sweden,1191
Ryan Pilat,USA,1176
Hassan Khanani,USA,1172
Jonathan Charlesworth,Australia,1171
Max Siauw,USA,1167
Alexey Tsvetkov,Russia,1166
Anthony Lafourcade,France,1158
Rasmus Stub Detlefsen,Denmark,1157
Gunnar Ivarsson,Sweden,1153
Isaac Latta,New Zealand,1152
Ianis Costin Chele,Romania,1150
Urho Kinnunen,Finland,1149
Canyon Pettitt,USA,1147
Nicolas Køster Christensen,Denmark,1143
Zongyang Li (李宗阳),China,1138
Mateusz Szulik,Poland,1138
Elias Malomgré,Belgium,1136
Henri Gerber,Germany,1135
Leo Lindqvist,Sweden,1134
Elijah Brown,USA,1131
Benjamin Thunbo Jonassen,Denmark,1130
Riley Dexter,Australia,1130
George Scholey,United Kingdom,1128
Samir Homsi,Turkey,1125
Annika Stein,Germany,1120
Sebastian Outh-Aut,Australia,1120
Kevin Gerhardt,Germany,1119
Chris Mills,United Kingdom,1118
Jode Brewster,Australia,1118
Bartłomiej Owczarek,Poland,1117
Dylan Johnston,Australia,1116
Elvin Thorsen,Sweden,1113
Mattheo de Wit,Netherlands,1111
Jakub Grzybowski,Poland,1109
Yihao Zhao (赵羿皓),China,1109
Noah Kraft,Germany,1107
Xinjie Shi (施鑫杰),China,1107
Bryan Eng,Australia,1106
Shangtong Fu (傅上桐),China,1104
Benjamin Warry,Australia,1104
Daniel Tidsey,United Kingdom,1104
Tyler Williams,Australia,1104
Harry Savage,United Kingdom,1103
Estevan Lujan,USA,1102
Ole Meindersma,Netherlands,1102
Mingze Yang (杨明泽),China,1101
Oscar Watson,Australia,1100
Timothy Castle,USA,1098
Jack Bellomy,USA,1097
Ben Wakelin,Australia,1095
Zhiyuan Ma (马之元),China,1093
Christopher Chi,USA,1092
Antonie Paterakis,Greece,1091
Johannes Knudsen,Sweden,1090
Rick Hamburger,Netherlands,1089
Leo Millar,Australia,1089
Leo Min-Bedford,Canada,1088
Krystian Załuski,Poland,1087
Daniel Heberg Jørgensen,Denmark,1086
Carter Kucala,USA,1086
Noriyuki Okada (岡田典之),Japan,1085
Vladislav Kozhin,Russia,1085
Wilhelm Kilders,Germany,1085
Eli Jay,United Kingdom,1084
Xiang Meng (孟响),China,1084
Paul Mahvi,USA,1083
Magnus Søndergaard Byrne,Denmark,1083
Cian-Jyun Yang (楊謙君),Taiwan,1082
Fabio Schwandt,United Kingdom,1080
Will Gurnett,Australia,1077
Linus Laurén,Finland,1077
Daniel Rose-Levine,USA,1077
Lance Aguilar,Australia,1077
Zhenyu Wang (王振宇),China,1075
Christian Beemelmann,Germany,1075
Junqi Feng (冯骏骐),China,1073
Joe Davis,Australia,1073
Jasper Murray,New Zealand,1073
Qijun Miao (缪其隽),China,1070
Lennon Hughes,Australia,1069
Alex Walker,USA,1068
Alvaro Haidar Ersha,Indonesia,1068
Feliks Zemdegs,Australia,1067
Ziran An (安子然),China,1067
Yuxin Cai (蔡羽欣),China,1067
Jayden McNeill,Australia,1067
Qi Zhou (周祺),China,1067
Brad Hoffman,USA,1066
Liangrong Ma (马良戎),China,1066
Ilya Nazarov,Russia,1065
Yanchen Zhu (朱彦臣),China,1065
Jan Bentlage,Germany,1064
Victor Wijsman,France,1063
Adam Marcellus Kelly,USA,1063
Zong-Xing Yang (楊宗興),Taiwan,1062
Kacper Paweł Dworak,Poland,1062
Naglis Peciulis,Lithuania,1061
Tom Wilkinson,United Kingdom,1061
Aleksandr Beznogov,Russia,1060
Ben Stokes,United Kingdom,1060
Daniel Karnaukh,USA,1060
Rustin Haderlie,USA,1057
Midas Kiebert,Netherlands,1056
Simon Kellum,USA,1055
Alex Maass,USA,1055
Zesheng Li (李泽生),China,1054
Finn van der Maas,Netherlands,1053
Thomas Schmidt,Denmark,1053
Linus Buck,Germany,1051
Thomas Tinlin,Australia,1051
Sora Sato,Australia,1051
Daniil Rublev (Даниил Рублёв),Russia,1050
Amy Smith,Australia,1050
Cory Yurkovic,USA,1050
Mantra Shukla,New Zealand,1049
Bill Hammill,United Kingdom,1049
Zuzanna Kozicka,Poland,1047
Xuanwei Liang (梁轩玮),China,1047
Adrien Auvray Matyn,New Zealand,1047
Szymon Malinowski,Poland,1047
Zack Hall,Australia,1047
Amos Nordman,Finland,1046
Aston Culf,Australia,1045
Ekaterina Kaneva,Russia,1044
Yiyang Chen (陈熠扬),China,1044
Aiden Bartlett,USA,1043
Dmitry Gundin,Russia,1042
Siau Hong Da (蕭宏達),Malaysia,1042
Tianze Xu (徐天泽),China,1041
Lev Golub (Лев Голуб),Ukraine,1041
Mykhailo Lagoida (Михайло Лагойда),Ukraine,1041
Joaquin Abarca,Canada,1040
Mathias Søndergaard Byrne,Denmark,1039
Lucas O'Connell,New Zealand,1039
Cale Schoon,USA,1038
Blake Thompson,USA,1037
Addison Dean,USA,1036
Nils Thorben Lang,Germany,1035
Maxime Madrzyk,France,1035
Eric Pesci,USA,1034
Joshua Hounslow,Australia,1033
Henry Lichner,USA,1033
Yujia Wu (吴语嘉),China,1033
Maxim Ilin,Russia,1033
Drew Dickson,USA,1032
Benjamin Grzesiak,United Kingdom,1032
Tomáš Nguyen,Vietnam,1032
Richard Yiheng Tao,New Zealand,1032
Jingbin Li (李晶斌),China,1031
Wojciech Piórczyński,Poland,1031
Conor Sullivan,Australia,1031
Loic Chiang,Singapore,1029
Jude Lumley,Australia,1028
Simon Jansson,Sweden,1028
Livia Kleiner,USA,1027
Nguyễn Khang Minh,Vietnam,1027
Guiyu Niu (牛桂煜),China,1027
Andy Gong,Australia,1027
Daniël Veldman,Netherlands,1026
Raymond Castillo,USA,1026
Patrick Kleverlaan,Australia,1026
Bartłomiej Krokos,Poland,1024
Ashley Foster,New Zealand,1024
Ivan Polkanov (Иван Полканов),Russia,1024
Kai-Wen Wang (王楷文),Taiwan,1023
Ahmet Çınar Ablak,Turkey,1022
Daniël Kassab,Netherlands,1022
Orkun Efe Dahar,Turkey,1021
Simon Nammensma,Netherlands,1021
Benjamin Gottschalk,USA,1020
Wojciech Barciaga,Poland,1019
Martin Süß,Germany,1018
Aryeh Honig,USA,1017
Tyler Robinson,USA,1017
Maxence Baudry,France,1016
Zeyu Hu (胡泽宇),China,1016
Daan Kusters,Netherlands,1015
Jiawei Zhang (张嘉伟),China,1014
Mingze Lin (林铭泽),China,1014
Milo Black,USA,1013
Koen van den Berg,Netherlands,1013
Christopher Lau,United Kingdom,1012
Jackson Wroten,USA,1012
Andrey Che,Russia,1012
Niko Ronkainen,Finland,1012
Alex Van Vugt,Australia,1012
Andrew Sherman,Australia,1012
Håvard Færden,Norway,1011
Nachuan Sun (孙纳川),China,1011
Mikhail Kuzin,Russia,1011
Alejandro Restrepo Echeverri,Colombia,1010
Edward Rust,Australia,1010
Elyas Eyou,New Zealand,1009
Lachlan Stephens,Australia,1009
Conrad Fong,Australia,1009
Lorenzo Mauro,Italy,1008
Xingkai Yin (尹星凯),China,1008
Sergey Marin (Сергей Марьин),Russia,1007
Olivier van Luijk,Netherlands,1007
Damian Wilding,USA,1006
Bence Kiácz,Hungary,1006
Walker Welch,USA,1006
Marcus Siu,United Kingdom,1006
Semen Artyukhov,Russia,1005
Aleksey Zuev,Russia,1004
Charles Downie,Australia,1004
Joel Cetra,Germany,1004
Aquila Janoschka,Australia,1004
William Jensen,Sweden,1003
Zhengkai Xu (徐正凯),China,1003
Ivo Stoutjesdijk,Netherlands,1003
Charlie-George Shadbolt,United Kingdom,1003
Zhao-Zhe Zhong (鍾肇哲),Taiwan,1002
Can Ersoy,Turkey,1002
AJ Kamal,USA,1001
Riley Norrid,USA,999
Xi Tan (谭熙),China,999
Carlos Méndez García-Barroso,Spain,998
Andrew Bae,USA,997
Adam Chodyniecki,Poland,997
Marco Rota,Italy,996
Rui Ma (马睿),China,996
Jack Pfeifer,USA,996
Selim Sungur,Turkey,996
Luke Van Laningham,USA,996
Oliver Castledine,United Kingdom,995
Isaac Langer,USA,995
Dmitry Matthew Yaquinto,Russia,994
Grigoriy Barashkin,Russia,994
Chan Hui Tung (陳許瞳),Hong Kong,993
Nikolai Gomelchuk,Russia,993
Aneurin Hunt,New Zealand,992
Piotr Tokarski,Poland,992
Brian Johnson,USA,991
Harry Owen,United Kingdom,991
Stone Amsbaugh,USA,991
Daniel Fraser,New Zealand,991
Yunke Zhang (张云柯),China,991
Titus Howlett,USA,991
Mihail Stoicescu,Romania,991
Oleksandr Savchyn,Ukraine,990
Bartosz Karpiński,Poland,990
Charlie Eggins,Australia,990
Brian Nguyen,Australia,990
Greg Leonard,Belgium,990
Waldemar Sundin,Sweden,988
Mustafa Berke Özcan,Turkey,988
Brandon Harnish,USA,988
Lianhao Zhu (褚连皓),China,988
Ho Hsieh (謝合),Taiwan,988
Calven Lipec,Australia,988
Nicholas Paul,Australia,988
Leo Blyberg,Sweden,987
Laura Holzhauer,Germany,987
Joey Saia,USA,986
Kasper Koster,Netherlands,986
Jingyang Zhang (张敬阳),China,986
David Epstein,Australia,986
Joy Liou Liu (刘丽欧),China,985
Jay Calter,Australia,985
Caleb Hall,New Zealand,984
Mikhail Glazov (Михаил Глазов),Russia,983
Vadzim Smirnou,Belarus,983
Zaky Kurnia Falah,Indonesia,982
Tong Wang (王瞳),Taiwan,981
Luca Stalpers,Netherlands,980
Victor Glyrskov,Denmark,980
Oskari Grönfors,Finland,979
Jacob Chambers,United Kingdom,979
Vyacheslav Kochergin (Вячеслав Кочергин),Russia,979
Patrick Fischer,USA,979
Emir Yusuf Çiçekdemir,Turkey,979
Nikolay Golovenko,Russia,978
Daniel York,USA,978
Jack Larsson Backsell,Sweden,977
Marianna Bondi,Italy,977
Tom Noble,Australia,977
Lucas Déglise,France,976
Asher Kim-Magierek,USA,976
Zayd Chaudhry,Australia,976
Luke Tycksen,USA,976
William Klauer,USA,976
Roman Shilov (Роман Шилов),Russia,976
Yuhang Sun (孙煜航),China,975
Xinyun Chen (陈新运),China,975
Ilya Sokolov,Russia,975
Ihor Kastranets (Ігор Кастранець),Ukraine,975
Kyle Santucci,Canada,974
Zeke Miller,USA,974
Yue Gao (高越),China,973
Owen Widdis,USA,973
Nikodem Tomaszuk,Poland,972
Vincent Chan,Netherlands,972
Rasmus Händén,Sweden,972
Gilbert Glogan,United Kingdom,972
Tommy Kiprillis,Australia,972
Tanay Singh,Australia,971
Antonio Bonessi,USA,971
Ethan Erez,Canada,970
José David Rendón Martínez,Colombia,970
Ava Felsenfeld,USA,970
Max Walaszek,USA,970
Chongshun Li (李崇顺),China,970
Yee Wen Foo,Malaysia,970
Kaloyan Galabinov,Bulgaria,969
Stian Nystad Østli,Norway,969
Wiktor Zegadło,Poland,969
Yibo Wang (王奕博),China,969
Dominik Fürer,Switzerland,969
Oliver Hoy,Australia,969
Tobiasz Urbanowicz,Poland,968
Edward Vakula,USA,968
Dmitry Melnikov (Дмитрий Мельников),Russia,967
David Pearce,Australia,967
Thomas Heiden,Austria,967
Michał Rzewuski,Poland,967
Thomas Sonnenberg Jarner,Denmark,965
Srijan Datta,India,965
Dylan Cossin,USA,965
Liam Wadek,New Zealand,965
Rūdolfs Vīnkalns,Latvia,965
Serhii Fedorniak (Сергій Федорняк),Ukraine,965
Federico Da Fonseca,Argentina,964
Pavel Eroshkin (Павел Ерошкин),Russia,964
Leon Marcell Alamanda,Indonesia,964
Christian Smedegaard,Denmark,964
Mitchell Lane,USA,964
Yuxuan Zhou (周宇轩),China,963
Ataberk Şencan,Turkey,963
Dániel Székely,Hungary,962
Samuel Eklund-Hanna,Sweden,962
Leeah Gard-Spaulding,Australia,962
Jonathan O'Neill,Australia,961
Andy Denney,USA,961
Thijs Rijsdijk,Netherlands,961
Berk Rende,Turkey,961
Zhaohong Huang (黄兆鸿),China,961
Robert Alden,United Kingdom,960
Kajetan Opach,Poland,960
Hongxi Wang (王洪熙),China,960
Serdar Özdemir,Turkey,959
Evan Liu,USA,959
Alex Hirschhorn,Australia,959
Jan Zych,Poland,959
David Gálvez,El Salvador,958
Zicheng He (贺子程),China,958
Azizah Nur Hayati,Indonesia,958
Abhinav Govindaraju,USA,957
Alexander Vujcich,New Zealand,957
Witold Brzeziński,Poland,957
Chenchang Yang (杨宸畅),China,957
Parker Trager,USA,957
Dylan Hughlett,USA,956
Maksim Demchenko (Максим Демченко),Russia,956
Peter Bishop,USA,956
Andreas Jensen Forsgren,Norway,956
Wojciech Weremczuk,Poland,955
Guillaume David,Belgium,955
Shao-Heng Hung (洪紹恆),Taiwan,955
Marat Karimov (Марат Каримов),Russia,955
Josephine Siburian,Australia,955
Ruben Fino,Australia,955
Walter Duff,Canada,954
Nicholas Patterson,Canada,954
Aiden Chan,Canada,954
Peixuan Shi (时培轩),China,954
Szabolcs Szántai,Hungary,954
Ainesh Sevellaraja,Malaysia,954
Robert Morris,United Kingdom,953
Lucas Maillard,France,953
Matthew Cook,Australia,953
Davis Pogor,USA,953
Revan Rajahmoney,Australia,953
Łukasz Dubicki,Poland,953
Gjorgji Cheshmedjievski,North Macedonia,952
Kyle Van Straaten,Canada,952
Oleksandr Seniuk (Олександр Сенюк),Ukraine,952
Bálint Csengő,Hungary,951
Moksh Patel,India,951
Matic Omulec,Slovenia,951
Darya Belonogova,Russia,951
Duncan Butcher,Australia,950
Yinhao Ding,Australia,950
Yunqi Ouyang (欧阳韵奇),China,950
Caleb Kearney,USA,950
Jeidun Hastriter,USA,949
Matt Lee,USA,949
Yoav Eynon,Australia,949
Marco Giordano,Italy,949
Peyton Bouma,USA,949
Stevie Shogren,USA,949
Nicolas Gertner,France,949
William Niewand,Australia,948
Jacob Turrubiartes,USA,948
Gustav Wälivaara,Sweden,948
Hargun Singh Tikku,India,948
Bruno Di Renzo John,Germany,948
Michael Larsen,USA,948
Burak Erdil Biçer,Turkey,948
Oliwier Tkaczyk,Poland,948
Artem Barlyak (Артём Барляк),Russia,947
Zeke Mackay,USA,947
Marcus Kamen,USA,947
Iurii Chesnokov (Юрий Чесноков),Russia,947
Myles Jarman,Australia,947
Jiazhou Li (李佳洲),China,947
Adarsh Natarajan,Australia,947
Ben Baron,Israel,947
Daniel McDonald,Australia,947
Charles Jerome,USA,947
Matthew Sieredzinski,Australia,947
Joaquin Ruenes Hernández,Mexico,946
Ricky Zhang,Australia,946
Ilya Epifanov,Russia,946
Aleksandra Lukianova (Александра Лукьянова),Russia,946
Slavomil Voloskov (Славомил Волосков),Russia,946
Spencer Stutzman,USA,946
Xinyang Li (李昕洋),China,946
Nikhil Soares,India,946
Vaibhav-Jai Ravipati,Australia,946
Jusun Choi (최주선),Korea,945
Danila Dubovik,Belarus,945
Igor Kolosov (Игорь Колосов),Russia,945
Harrison O'Reibow,New Zealand,945
Dawid Wójcik,Poland,945
Muhammad Saleh Imtiaz,Pakistan,945
Ethan Pride,Australia,944
Tommy Cherry,USA,944
Derek White,USA,944
Anqi Yu,Bulgaria,944
Remo Pihel,Estonia,944
Xujia Lei (雷旭嘉),China,943
David Vujasić,Croatia,943
Kacper Grzelakowski,Poland,943
Kobe Balin,USA,943
CJ Sheng,USA,943
Luca Spataro,USA,943
Melisa Şen,Turkey,942
Ryan Wu,Canada,942
Nafi Aryasatya,Indonesia,942
Paweł Duraj,Poland,942
David Añel,USA,942
Vincent Hartanto Utomo,Indonesia,942
Arseniy Dyachenko,Russia,942
Alexander Botz,Germany,941
Myles Segal,Australia,941
Glenn Kadio-Morokro,USA,941
Isaac Myers,USA,941
Eemil Lahti,Finland,940
Fabian Browa,Germany,940
Qingze Li (李庆泽),China,940
Silas Kampp Richter Lassen,Denmark,940
Wouter Komduur,Netherlands,940
Diego Alfonso,France,939
Sean Moran,United Kingdom,939
Joey Stahl,USA,939
Roman Ponikarovskiy,Russia,939
Julio Perugorria Lorente,Spain,939
Manuel Prieto de Antón,Spain,939
Shrijan Pal,India,939
Theo Skoog,Sweden,939
Chase Karr,USA,938
Toby Dixon,New Zealand,938
Benjamin Pugh,USA,938
Yifan Chen (陈一凡),China,937
Krish Shah-Nathwani,USA,937
Jose Ortiz Jr.,USA,937
William Gan Wei Ren (颜伟仁),Malaysia,937
Simon Praschl,Austria,937
Yue Xin (辛岳),China,937
Jensen Belen-Brown,Canada,937
Joshua Tekwie,Papua New Guinea,937
Yannic Waser,Switzerland,937
Adriel Wiebe,USA,936
Eli Jacobsson,Australia,936
Francisco Hamlin,Argentina,936
Artem Kulikov (Артём Куликов),Russia,936
River Fletcher,Australia,936
Jaime Calzado Gomez,Spain,936
Arhaan Sareen,Canada,936
Ng Jia Quan (黄佳铨),Malaysia,935
Alan Ranie,Australia,935
Gleb Ponomarev (Глеб Пономарев),Russia,935
Sameer Aggarwal,USA,935
Ivan Lobutev (Иван Лобутев),Russia,935
Zhuoer Zhang (张卓尔),China,935
Alexander Bashutkin,Russia,934
Mikaela Davidson,New Zealand,934
Tom Salmon,United Kingdom,934
Luke Robles,USA,934
Young He (何嘉炀),China,933
Jeremy Gassman,USA,933
Joe Labas,Australia,933
Shek Ho Hin (石灝軒),Hong Kong,932
Dylan Baumbach,USA,932
Zayabaatar Batbayr,Mongolia,932
Owen Rair,USA,932
Lorenzo Layug,Philippines,932
Menghao Zhao (赵梦豪),China,932
Ewan Geertson,New Zealand,932
Ege Onat Ünlüer,Turkey,932
Yinghao Wang (王鹰豪),China,932
Stepan Anisimov (Степан Анисимов),Russia,932
Firstian Fushada (符逢城),Indonesia,932
Tobias Peter,Switzerland,932
Ulrik Bredland,Norway,932
Sebastian Bock,Australia,932
Jack Stewart,USA,932
Tom Stanton-Barnett,New Zealand,931
Anton Kraev,Australia,931
Mannessah Kani,Australia,931
Josiah Freudigmann,Australia,931
Vladimir Semidyanov,Russia,931
Kirby Jay Caragan,Philippines,931
Adam Jagła,Poland,930
Zheyu Zhang (张哲宇),China,930
Ofek Egozi,Israel,930
Aaron Huynh,USA,930
Tyler Johnson,USA,930
Luqman Hakim Bin Hairil Azli,Malaysia,929
Arden Daniel Jacobson,USA,929
Anders Berggren,Sweden,929
Sam Sieracki,Australia,929
Khavin Janarthana,India,929
Ethan Basanov,Canada,929
Ray Zhang (张灏睿),Australia,929
Justin Choi,USA,929
AJ Le,USA,929
Lucas Buckley,Australia,928
Helmer Ewert,Sweden,928
Bhargav Narasimhan,India,928
Tyler Buel,USA,928
Felicitas Eknigk,Germany,928
Héctor Haro Guerrero,Spain,927
Caden Scott,USA,927
Anton Uskov (Антон Усков),Russia,927
Oscar Liang,Australia,927
Thomas Lampe,Netherlands,927
Liam Brown,Australia,927
Viktor Shmakov (Віктор Шмаков),Ukraine,927
Elian Beguec,France,927
Ben Jantke,Australia,927
Jude Doland,USA,926
Christian Manuel de Lange,New Zealand,926
Kai-Lun Cheng (鄭凱倫),Taiwan,926
Fletcher Johns,New Zealand,926
Jacob Nobili,USA,926
Abhay Cheemalapati,USA,926
Yepeng Sun (孙叶芃),China,926
Maciej Brzeziński,Poland,926
Key Yu Wan,Brazil,926
Nixon Winger,USA,925
Mikhail Yasinsky,Ukraine,925
Haochen Mei (梅皓臣),China,925
Tyler Howlett,USA,925
Jan van Dorst,Netherlands,925
Vladyslav Hryniuk (Владислав Гринюк),Ukraine,925
Burçak Bilge Başaranoğlu,Turkey,924
Xuyang Chen (陈徐洋),China,924
Lucas Vojkovic,Australia,923
Tyler Kochy,USA,923
Larry Shi,Canada,923
Igor Tarasov (Ігор Тарасов),Ukraine,923
Maxim Brednev (Максим Бреднев),Russia,923
Cameron Miller,USA,923
Dalibor Mrška,Slovakia,922
Ben Zwicky,Switzerland,922
Gerard McGinley,Australia,922
Leonardo Randacio,Italy,922
Thomas Smith,Australia,921
Eli Hickman,Australia,921
Jingpeng Wu (吴劲芃),China,921
Diego Fraile,France,921
Malte Oliver Bøgh Kjøller,Denmark,921
Andrey Mishin (Андрей Мишин),Russia,921
Sergey Kharitonov (Сергей Харитонов),Russia,921
Brandon Clare,USA,920
Yaroslav Usmanov (Ярослав Усманов),Kazakhstan,920
Benjamin Riske,Australia,920
Joel Lundström,Sweden,920
Eli Kirk,USA,920
Guangda Liu (刘广达),China,920
Andres Rodriguez,USA,919
John Hornacek,USA,919
Alaik Bhatia,India,919
Rory Bailey,New Zealand,919
Marco Manno,Italy,919
2021IANI01,Null,919
Dmitriy Truhin (Дмитрий Трухи́н),Russia,919
Steller Schutt,USA,918
Leo Z. Liu,Australia,918
Vyacheslav Sizov,Russia,918
Mihai Căpăţinescu,Romania,918
Emil Elghorn,Sweden,918
Katie Davies,United Kingdom,917
Denniel M. Santos,Philippines,917
Francis Daniels Veğeris,Latvia,917
Chengda Ge (葛成达),China,917
Axton Cummings,USA,917
Michele Cavezza,Canada,917
Mika Smulders,Netherlands,917
Maximus Ferrier,Australia,917
Martin Fronescu,Romania,917
Thomas Bennis,Netherlands,916
Muhammad Faeyza Koda,Indonesia,916
Ruchen Xie (谢汝忱),China,916
Christopher Hinkle,USA,915
Aedan Bryant,USA,915
Alex Wheeler,USA,915
Clément Cherblanc,France,915
Nathan Smith,USA,915
Cody Caston,Australia,915
RJ Gohn,USA,914
Luke Heath-Edwards,New Zealand,914
Harry Healey,Australia,914
Roberts Dreijers,Latvia,914
Mason Langenderfer,USA,914
Oliver Lane,Australia,914
Luis Angel Huerta Barrales,Mexico,914
Emmet Hobbs,Australia,914
Lucas Nieuwland,Canada,914
Minn Aung,Australia,913
Abhishek Krishnan Gopal Ramshanker,India,913
Sean Hartman,USA,913
Ian Southa,USA,913
Shangfeng Li (李尚峰),China,913
Jinseo Hong,Korea,913
Emilio Alberto Rodríguez Jiménez,Mexico,913
Ben Kirby,New Zealand,912
Luke Marsh,Australia,912
Jeff Miao,China,912
Jaylen Zhang,Canada,912
Braden Richards,USA,912
Amelie Dieterich,Germany,912
William Barlow,New Zealand,912
Alexey Kislovskiy,Russia,912
Hannah Minas,Switzerland,911
Matteo Dummar,Italy,911
Brady James Potter,USA,911
Jukka Geisler,Germany,911
Avshalom Sharavani,Israel,911
Aayush Mishra,India,911
Pavel Galaktionov,Russia,911
Baden Forster,Australia,910
Anthony Qi,Australia,910
Costea Livadari,Moldova,910
Xianglong Gao (高向龙),China,910
Yubo Ji (纪宇博),China,910
Alexander Karlov,Sweden,910
Zijian Cai (蔡子健),China,910
Jakub Hamkało,Poland,910
Liam Pipia,Australia,910
Andrey Korotayev (Андрей Коротаев),Russia,910
Aaron Paskow,USA,910
Owen Brooks,USA,910
Linus Thyberg,Sweden,909
Mohammed Aiman Koli,India,909
Ashton Reed,USA,909
August Lancaster,USA,909
Mattia Furlan,Italy,909
Matthew Karl Reyes,Australia,909
Sören Jaan Handschuch,Germany,909
Nicholas Bezzerides,USA,909
Calum Visagie,South Africa,909
CJ York,USA,909
Albin Thim,Sweden,909
Lev Aronov,Russia,908
Peter Greninger,USA,908
Einar Kvam Lundberg,Norway,908
Marquez Phan,Australia,908
Nikita Starodubov,Belarus,908
Ziqi Ding,China,907
Alyssa Bernardo,USA,907
Caden Hubbell,USA,907
Davide Arnesano,Italy,907
Thomas Ryerson,USA,907
Li-Zhi Findhammer,Netherlands,907
Machiel van Loon,Netherlands,906
Nikhil Lal,India,906
Dennis Bolaños,El Salvador,906
Jake M. Hanson,USA,906
Isaac Nuon,USA,905
Jack Hinz,Australia,905
Yuheng Su (苏昱衡),China,905
Sebastian Williams,United Kingdom,904
Titus Sutterfield,USA,904
Henry Luo,Australia,904
Brady Smith,USA,904
Hannes Müller,Germany,904
David Addison Reid,USA,904
Alexis Le Merrer,France,903
Cameron Jones,United Kingdom,903
Ram Thakkar,India,903
Samuel Fang,USA,903
Ilia Vakulenko,Russia,903
Yongtao Sun (孙永涛),China,903
Hongyi Yu (余泓邑),China,903
Hayden Ng,Australia,903
Jordan Nguyen,USA,903
Xinyu Li (李欣宇),China,903
Jake Buckley,USA,903
Jungwoo Ha (하정우),Korea,903
Michael Nielsen,USA,902
Stepan Makarenko,Russia,902
Rami Sbahi,USA,902
Aaron Spiller,Australia,902
Wojciech Knott,Poland,902
Benjamin Blaikie,New Zealand,902
Hong Seungbin,Korea,902
Damir Shikhiev (Дамир Шихиев),Kazakhstan,902
Aaron Mills,Australia,902
Eli Panetta,Australia,901
Yuxuan Wu (吴雨轩),China,901
Dmitry Permyakov (Дмитрий Пермяков),Russia,901
Rhys Rogan,Australia,901
Ahmet Nadir Yücekaya,Turkey,901
Konrad Leśniak,Poland,901
Sarina Wang,New Zealand,901
Valeriia Volova (Валерія Волова),Ukraine,901
Andrea Thull,Luxembourg,900
Christian Gebrael,Australia,900
Ethan Chen,Canada,900
Dmitriy Kukuev,Russia,900
Tucker Chamberlain,USA,900
Chris Yoder,USA,900
Aakash Jois,Australia,900
Jakob Fiechter,Austria,900
Alex Patti,Australia,900
Ethan Hickman,Australia,899
Wyatt Idell,USA,899
Joel Potter,New Zealand,899
Lincoln Pearce,Australia,899
Jiming Ran (冉济铭),China,898
Vincent Contini,Australia,898
Acar Gök,Turkey,898
Asla Väyrynen,Finland,898
Arghadeep Mukherjee,India,898
Hao Xiang (向浩),China,898
Levi Gibson,USA,898
Peter Grassard,France,898
Charlie Stark,United Kingdom,898
Jiashuo Xie (谢佳烁),China,898
Wout Plaum,Belgium,898
Zishuo Zhang (张子硕),China,898
Oscar Nieto,Colombia,897
Tor Torstensson,Sweden,897
Vincent Chen,USA,897
Alexander Chieng,Australia,897
Dagne Poveda,Costa Rica,897
Charlie van Ooran,Australia,897
Lucas Buck,New Zealand,897
Pierre Morice-Le Moel,France,897
David Ju,USA,897
Eli Disbrow,USA,897
Wojciech Kotulski,Poland,897
Oliver Thompson,USA,897
Ke Wang (王轲),China,896
Andrew Y. Feng,USA,896
Kristina Kostova,Bulgaria,896
Vilius Ribinskas,Lithuania,896
Han-Lin Wu (吳翰霖),Taiwan,896
Vladimir Vasiliev (Владимир Васильев),Russia,896
Huston Vu-Duc,Russia,896
Eduardo Antonio Lara Martínez,Mexico,896
Derek McNee,USA,896
Siyi He (何思仪),China,896
Graham Kaplan,USA,896
Zexin Wang (王泽鑫),China,896
Vaishakh Kargudri,India,895
Zac Graham,Australia,895
Ruimin Yan (颜瑞民),China,895
Dylan Beetge,Australia,895
Maxwell Fairbanks,USA,895
Alex Kuepper,USA,895
Kaigan Yu (俞凯淦),China,895
Andre Nguyen,Australia,895
Oliver Michael Sitja Sichel,USA,895
William Callow,United Kingdom,895
Jonas Senga,Australia,895
Saavar Bajaj,Australia,894
Benjamin Verinder,USA,894
Jianyu Wang (王建宇),China,894
Sven Vaillant-Jørgensen,Denmark,894
Chengyang Song (宋成阳),China,894
Natthaphat Mahtani (ณัฐภัทร จี มาทานี),Thailand,894
Anderson Fielding,USA,894
Mateusz Gołaś,Poland,894
Davelno Danish Raziq,Indonesia,894
Yonghao Xu (徐永浩),China,894
Shmulik Kachuriner,Israel,894
Naren Ramesh,India,894
Izan Cantero Herrera,Spain,893
Joanna Hołdakowska,Poland,893
Dominic Cater,USA,893
Yong Chen (陈勇),China,893
Wiktor Lutowski,Poland,893
Jingxuan Ma (马靖轩),China,893
Amogh Prashanth,India,893
Heath Maxwell Kean,Australia,893
Noah Melita,USA,893
Jack McDougall,New Zealand,893
James Hildreth,USA,893
Karam Al-Robaie,United Kingdom,892
Anthony Trairattanasirikul,Australia,892
Xavier Evans,New Zealand,892
Roan Paone,Canada,892
Liam Highducheck,Australia,892
Callum Hales-Jepp,United Kingdom,892
Yu-Hsuan Chang (張祐瑄),Taiwan,892
Imants Liepiņš,Latvia,892
Matvey Bannikov (Матвей Банников),Russia,891
Harry Shaw,USA,891
Yiran Peng (彭弈然),China,891
Aleksa Perušinović,Bosnia and Herzegovina,891
Xuyan Huang (黄绪琂),China,890
Tyler Dipper,New Zealand,890
Soul Gerdsen-Jensen,Australia,890
Dongheon Ryu (류동헌),Korea,890
Joshua Benjamin,New Zealand,890
Rafael Fellmann,Germany,890
Oliver Fritz,Germany,890
Ashton Wheeler,Australia,890
Liam Heimann,Australia,890
Michał Mlostek,Poland,890
Vladimir Tikhonenko (Владимир Тихоненко),Russia,890
Ruslan Kazin (Руслан Казин),Kazakhstan,890
Ryan Bernardo,USA,890
Miles Christopher Walcott,USA,890
Justin Barker,USA,890
Haibo Sui (隋海波),China,890
Litao Hao (郝立涛),China,890
Lucas Kuczaj,Canada,889
Nicolas Harper,USA,889
Robert Yau,United Kingdom,889
Kymberlyn Calderon,USA,889
Alvar Nylén,Sweden,889
Ivan Coțiubinschii,Moldova,889
Ely Charqueno,USA,889
Daniel Ahokas,Canada,889
Guangtao Zhang (张广韬),China,889
Luke Burong,Australia,888
Daniel Pavelich,USA,888
Anton Mikhailik (Антон Михайлик),Russia,888
Phạm Đức Phước,Vietnam,888
Morgan Williams,USA,888
Parker Chandler,USA,888
Anthony Montes,USA,888
Zachary Tang,Australia,888
Zee Capangpangan,Philippines,888
Nguyễn Nhật Minh,Vietnam,888
Levente Fejes-Nagyfejeő,Hungary,887
Jonatan Kłosko,Poland,887
Tijmen van der Ree,Netherlands,887
Ivan Bogdan,Belarus,887
Katie Hull,USA,887
Nixin Wong,USA,887
Toby Seufert,Australia,887
Andrew Tyberg,USA,887
Leo Annett,USA,886
Alexander Hubbard,Australia,886
John Colacarro,USA,886
Alan Galym (Алан Галым),Kazakhstan,886
Milhouse Gibbons-Paul,United Kingdom,886
Tianyu Sun (孙天宇),China,886
Bhavya Goyal,India,886
Jonathan Brugge,Netherlands,886
Patryk Grosiak,Poland,885
Kaiyang Gao (高凯阳),China,885
Luca Brasini,Italy,885
Dakota Akarlilar,USA,885
Will Russo,USA,885
Viggo Fröcklin,Sweden,885
Lauren Phung,USA,884
Andrey Kolevatykh (Андрей Колеватых),Russia,884
Ivaylo Ivaylov Vichev,Bulgaria,884
Ben Mitchell,New Zealand,884
Zachary Miller,USA,884
Carter Carson,USA,884
Danylo Harbar (Данило Гарбар),Ukraine,884
Maheran Chowdhury,Australia,884
Dougal Merriman,New Zealand,884
Veenayak Bhola,India,884
Francisco Moraes Mandalozzo,Brazil,883
Yunqi Liu (刘云起),China,883
Luke Seah,Australia,883
Jose Antonio Cuipal Maguiña,Peru,883
Clara Lafourcade,France,883
Jinxu Li (李锦煦),China,882
Alexei Sinyavin,USA,882
Heinrich de Lange,South Africa,882
Nitin Nathan,USA,882
Jeremiah J. Rummerfield,USA,882
Connor Nicholson,New Zealand,882
Attilio Buttiglione,Italy,882
Till Piwko,Germany,882
Rasmus Andersson,Sweden,882
Egor Gushchin,Russia,882
Isaac McNeal,USA,882
Jakub Chwaściak,Poland,882
Sicheng Gu (顾思成),China,882
Alimzhan Kenesbek (Алимжан Кенесбек),Kazakhstan,882
Islam Razhev (Ислам Ражев),Russia,881
Jakub Tkaczyk,Poland,881
Zachary Ochs,USA,881
Danil Truhin (Данил Трухи́н),Russia,881
Vladislav Shurshilin,Russia,881
Benjamin Walker,Australia,881
Adam Nizamani,Canada,881
Metin Karagus,Netherlands,881
Mihály Horváth,Hungary,881
Chris Deng,USA,881
Nikolay Vasilyev,Russia,880
Tais Storm Andersen,Denmark,880
Sameer Sethuram,USA,880
Henry Kolstad,USA,880
Sukant Koul,India,880
Mikhail Chernobrivets (Михаил Чернобривец),Russia,880
Sirun Wu (吴思润),China,880
Fabian Andrey Montenegro Barrero,Colombia,880
Henry Eyles,New Zealand,880
Maksim Zemtšihhin,Estonia,880
Andrew Chai,Australia,879
Szymon Jeziorski,Poland,879
Zhiyu Qian (钱治宇),China,879
Bowen Wan (万博文),China,879
Pavlo Bondar (Павло Бондар),Ukraine,879
Yizhuo Yan (严一卓),China,879
Josef Matijevic,Australia,879
Joshua Davis,USA,879
Jack Muller,Australia,879
Alexander Markoulis,USA,879
Noah Aaron Pearson,Australia,879
Boris Monakhov,Russia,879
Jason White,USA,879
Ben Callender,USA,879
Farhan Tanvir Fahim,Bangladesh,879
Gergely Novotni,Hungary,879
Hans Lin,Australia,878
Bence Barát,Hungary,878
Simon Pfahler,Germany,878
Alwin Rölz,Switzerland,878
Wojciech Kisała,Poland,878
Xuankai Zhang (张轩恺),China,878
Gerson Natanael,Indonesia,878
Nicolae Pojar,Moldova,878
Kenneth Tran,Norway,878
Emily Warry,Australia,878
Lukas Noel,Sweden,878
Samuel Weber,USA,877
Aamir Saifee,India,877
Pol Juny Sánchez,Spain,877
Braden Mount,USA,877
Mason Day,Canada,877
Jaemin Chang (장재민),Korea,877
James Rahman,New Zealand,877
Yap Di Sheng,Malaysia,877
Jimmy Tran,USA,877
Tristan Chua Yong,Singapore,876
Jay Lewis,USA,876
Wei-Yu Zhen (詹惟宇),Taiwan,876
Liav Bengayev,Israel,876
Jesús Jorge García López,Mexico,876
Zhenghan Jiao (焦峥涵),China,876
Zahar Lugovetc,Russia,875
Kaius Young,USA,875
Doruk Dokurer,Turkey,875
Theodore Mather,United Kingdom,875
Muhammad Rafly,Indonesia,875
Cody Driver,Australia,875
Darío Pérez,Spain,875
Max Abramoff,Sweden,875
Nikita Popkov,Russia,875
Preston Duke,USA,875
Kyeongmin Choi,Korea,875
Charlie Zurowski,USA,875
Dan Tran,USA,874
Lianghai Sui (眭亮海),China,874
Ryan Simon,USA,874
Max Chan,USA,874
Catharina Nguyen,Denmark,874
Yintao Wu (吴洇滔),China,874
Christian Cárdenas,Peru,874
Ali Rıza Kulaksız,Turkey,874
