name,country,sq1
Michał Krasowski,Poland,1279
Hassan Khanani,USA,1195
Oliver Sherlock,Poland,1185
Adam Kędziorski,Poland,1183
Max Siauw,USA,1182
Tim Xie,New Zealand,1171
Waldemar Sundin,Sweden,1163
Martin Vædele Egdal,Denmark,1158
Witold Sołtysik,Poland,1158
Rasmus Stub Detlefsen,Denmark,1145
David Epstein,Australia,1144
Magdalena Pabisz,Poland,1143
Alexander Tosting,Sweden,1139
Daniel Karnaukh,USA,1123
Zayn Khanani,USA,1116
Jakub Hamkało,Poland,1115
Maksymilian Misiak,Poland,1114
Calvin Nielson,USA,1112
Timothy Castle,USA,1102
Alessandro Ricci,Italy,1093
Jakob Gunnarsson,Sweden,1091
Łukasz Dubicki,Poland,1083
Lucas O'Connell,New Zealand,1066
William Jensen,Sweden,1065
Szymon Grodzki,Poland,1062
Daniel Vædele Egdal,Denmark,1059
Dwyane Ramos,New Zealand,1056
Ryan Pilat,USA,1055
Mateusz Szulik,Poland,1051
Lucas Déglise,France,1048
Yi-Ho Hsueh (薛以和),Taiwan,1047
Adrien Auvray Matyn,New Zealand,1045
Ethan Erez,Canada,1039
Elvin Thorsen,Sweden,1037
Tijmen van der Ree,Netherlands,1036
Szymon Brzana,Poland,1033
Benjamin Gottschalk,USA,1031
Daniel Forejtek,Czech Republic,1030
Aiden Bartlett,USA,1029
Cade Beck,USA,1027
Jiazhou Li (李佳洲),China,1026
Clément Cherblanc,France,1025
Jonathan Charlesworth,Australia,1023
Thomas Sonnenberg Jarner,Denmark,1022
Shih-Hao Wang (王士豪),Taiwan,1022
Patrick Ponce,USA,1022
Jode Brewster,Australia,1021
Xuechao Zhang (张学超),China,1018
Matteo Dummar,Italy,1014
Brian Johnson,USA,1013
Dawid Wójcik,Poland,1012
Andy Gong,Australia,1010
Hannes Müller,Germany,1009
Carter Kucala,USA,1008
Daniel Wallin,Sweden,1006
Jakub Bojanowski,Poland,1006
Antonie Paterakis,Greece,1006
Makoto Takaoka (高岡誠),Japan,1004
Damiano Albini,Switzerland,1003
Simon Kellum,USA,999
Tang-Kai Huang (黃堂愷),Taiwan,998
Christopher Chi,USA,995
Ryszard Kiszka,Poland,995
Brian Kan,Canada,994
Eva Kato,USA,988
Brayden Wroten,USA,987
Nolan Yiu,USA,987
Zhenyu Wang (王振宇),China,986
Zhiquan Li (李志权),China,985
Szabolcs Szántai,Hungary,984
Ng Jia Quan (黄佳铨),Malaysia,984
Marcus Siu,United Kingdom,983
Lee Stanton-Barnett,New Zealand,980
Jackey Zheng,USA,979
Vincent Chan,Netherlands,979
An Li (李安),China,978
Firstian Fushada (符逢城),Indonesia,978
Sameer Aggarwal,USA,977
Charlie Stark,United Kingdom,976
Linus Laurén,Finland,976
Noah Swor,USA,976
Mikołaj Tyra,Poland,975
Cian-Jyun Yang (楊謙君),Taiwan,975
Stepan Makarenko,Russia,975
Will Gurnett,Australia,974
Manuel Malvárez,Uruguay,974
Blake Thompson,USA,974
Brandon Lin,USA,974
Karol Piskorek,Poland,973
Chan Hui Tung (陳許瞳),Hong Kong,972
Aneurin Hunt,New Zealand,972
Jakub Grzybowski,Poland,970
Joel Lundström,Sweden,969
Calix Tang,USA,969
Remo Pihel,Estonia,969
Ashley Foster,New Zealand,968
Joshua Hounslow,Australia,967
Braden Richards,USA,966
Rafał Sądek,Poland,965
Chris Mills,United Kingdom,965
Jack Bellomy,USA,962
Malte Ihlefeld,Germany,962
Lorenzo Mauro,Italy,961
Hector David Martinez Argaez,Colombia,960
Tristan Chua Yong,Singapore,960
Lev Golub (Лев Голуб),Ukraine,960
Anthony Lafourcade,France,960
Jack McDougall,New Zealand,958
Marco Rota,Italy,957
Víctor Gálvez,Uruguay,956
Maciej Spirydowicz,Poland,954
Daniel Tidsey,United Kingdom,954
Cory Yurkovic,USA,952
Tommy Cherry,USA,952
Angeline Wijaya (黃千儀),Indonesia,952
Zhibo Xuan (禤志博),China,951
Luke Garrett,USA,950
Jonathan O'Neill,Australia,950
Michael Young,USA,950
Samuel Fang,USA,950
Marquez Phan,Australia,949
Rafael Chowindra,Indonesia,948
Vladimir Tikhonenko (Владимир Тихоненко),Russia,946
Feliks Zemdegs,Australia,946
Ian Southa,USA,946
Sora Sato,Australia,945
Zeke Mackay,USA,944
Tatsuya Kusanagi (草彅達也),Japan,942
Naglis Peciulis,Lithuania,942
Michał Halczuk,Poland,941
Tommy Szeliga,USA,940
Tommy Kiprillis,Australia,940
Noah Wilde,Canada,939
James Quinn,USA,938
Paul Mahvi,USA,938
Yepeng Sun (孙叶芃),China,938
Zachary Ochs,USA,937
Reid James Sungy,USA,937
Nahuel Cantero,Uruguay,937
Jan Zych,Poland,936
Oliver Castledine,United Kingdom,935
Livia Kleiner,USA,932
Ho Hsieh (謝合),Taiwan,932
Kajetan Opach,Poland,931
Sergey Nepushkin (Сергей Непушкин),Russia,930
Joel Cetra,Germany,929
Jack Stewart,USA,928
Maximilian Elsener,Switzerland,928
Magnus Søndergaard Byrne,Denmark,928
Ethan Rusnak,Canada,927
Rui-Jun Liu (劉睿鈞),Taiwan,927
Łukasz Stępień,Poland,927
Michael Alexander,Australia,926
Kacper Paweł Dworak,Poland,925
Fryderyk Janiak,Poland,924
Rick Hamburger,Netherlands,923
Benjamin Grzesiak,United Kingdom,922
Oskar Hanuszkiewicz,Poland,922
Josephine Siburian,Australia,921
Alexander Vujcich,New Zealand,921
Bartłomiej Owczarek,Poland,921
Simone Canova,Italy,921
Christopher Yen,USA,921
Addison Dean,USA,921
Alexander Helbok,Austria,920
Vincent Chen,USA,920
Flavio Rimi,Italy,919
Brandon Harris,New Zealand,919
Holden Johnson,USA,918
Muhammad Saleh Imtiaz,Pakistan,917
Wang Ma (马旺),China,917
Nicholas Daneshvari,USA,917
Bartosz Kobyliński,Poland,917
Edward Rust,Australia,917
Yunhao Lou (娄云皓),China,917
Gerard McGinley,Australia,916
Kevin Gerhardt,Germany,915
Piotr Olszewski,Poland,913
Parker Trager,USA,913
Kyeongmin Choi,Korea,912
Ryan Yasinko,Canada,912
Ainesh Sevellaraja,Malaysia,910
Ilya Nazarov,Russia,910
Darren Siew Ee Yaang (蕭奕暘),Malaysia,910
Caleb Clark,Australia,910
Hazel Moises Ruiz Gutierrez,Mexico,908
Joe Labas,Australia,908
Andrey Che,Russia,908
Abhay Cheemalapati,USA,907
Grigoriy Barashkin,Russia,907
Milo Black,USA,907
Jack Pfeifer,USA,907
Boris Lont,Netherlands,907
Theo Skoog,Sweden,907
Eli Parker,USA,906
Fabio Schwandt,United Kingdom,906
Leo Hock-Morris,Australia,906
Ethan Stevens,Australia,906
Wojciech Knott,Poland,905
Stone Amsbaugh,USA,905
Leone Misitano,Italy,905
Matthew Lee,Canada,905
Bence Kiácz,Hungary,905
János Bereczki,Romania,904
Cale Schoon,USA,903
Nicolas Harper,USA,903
Wei-Chen Hsieh (謝維宸),Taiwan,902
Camerone Chin,New Zealand,900
Alexander Bashutkin,Russia,899
Kerry Creech,USA,899
AJ Kamal,USA,897
Stephen Griggs,USA,896
Łukasz Burliga,Poland,896
Krish Shah-Nathwani,USA,895
Po-Hsien Ou (歐柏賢),Taiwan,894
Krzysztof Boguszewski,Poland,894
Elias Malomgré,Belgium,893
Marcel Niedl,Austria,892
Mathias Søndergaard Byrne,Denmark,891
Charlie Harrison,United Kingdom,891
James Bui,Australia,890
Canyon Pettitt,USA,890
Graham Siggins,USA,890
Sebastian Outh-Aut,Australia,890
Alexander Botz,Germany,890
Vladislav Shurshilin,Russia,889
Ricardo Zapata Cruz,Venezuela,889
Matthew Cook,Australia,889
Alexis Rodrigo Cazu Mendoza,Mexico,888
Leo Blyberg,Sweden,888
Andrew Sherman,Australia,888
Tam Quan,Australia,888
Ray Bai,USA,888
Diego Brizuela Crespo,Mexico,888
Remo Decio,Switzerland,887
Lev Aronov,Russia,887
Tyler Howlett,USA,886
Dominic Lumsden,United Kingdom,885
Urho Kinnunen,Finland,885
Jakub Dłużak,Poland,884
Tyler Robinson,USA,884
Peri Le Dain,USA,883
Mikołaj Salamon,Poland,882
Riley Dexter,Australia,882
Phạm Anh Quân,Vietnam,882
Ahmet Çınar Ablak,Turkey,882
Serdar Özdemir,Turkey,881
Oliver Leigh,Australia,880
Leonid Shcherbakov (Леонид Щербаков),Russia,879
Alexander Persaud,USA,879
Vicenzo Guerino Cecchini,Brazil,879
Ishaan Lal,USA,878
Jason Lee,USA,878
Amy Smith,Australia,878
Jinseo Hong,Korea,878
Maxim Ilin,Russia,877
Mateusz Bednarczyk,Poland,877
Harry Savage,United Kingdom,877
Bence Barát,Hungary,877
Hangwei Yu (禹航伟),China,877
Kacper Jędrzejuk,Poland,876
Ang Chin Zhen (洪靖程),Malaysia,876
Lucas Chung,Australia,876
Yu-Chia Sung (宋祐嘉),Taiwan,876
Shaun Mack,USA,876
Alexey Zharikov,Russia,876
Helmer Ewert,Sweden,876
Jiate Xie (谢佳特),China,875
Luka Jankovic,Serbia,875
Nathan Nairn,Australia,875
Jared Balassaitis,USA,874
Anthony Rochester,Australia,874
Emil Elghorn,Sweden,874
Laura Mellier,Switzerland,874
Elijah Brown,USA,874
Clément Burgevin,France,874
Mats Valk,Netherlands,874
Mikhail Ivashechkin,Russia,874
Eeshir Pannun,Canada,874
Mattheo de Wit,Netherlands,873
Yen-Pin Xiao (蕭彥平),Taiwan,872
Bartosz Karpiński,Poland,872
Bokang Peng (彭博康),China,872
Daniel Rose-Levine,USA,872
Will Cerne,USA,872
Pavel Eroshkin (Павел Ерошкин),Russia,872
Ruslan Appazov,Uzbekistan,872
Anukun Supcharoenkun (อนุกูล ทรัพย์เจริญกุล),Thailand,872
Gustav Wälivaara,Sweden,872
Elyas Eyou,New Zealand,871
Michael Nielsen,USA,870
Kyra Joiner,USA,870
Jan Bentlage,Germany,870
Liam Wadek,New Zealand,870
Paweł Duraj,Poland,869
Jakub Majchrzak,Poland,869
Tristan Jansen,Netherlands,869
Ivo Stoutjesdijk,Netherlands,868
Leo Lindqvist,Sweden,868
Walker Welch,USA,868
Darby Lee,Australia,867
Pavlo Huk (Павло Гук),Ukraine,867
Francisco Hamlin,Argentina,867
Justin Gou,USA,867
Samuel Scherrer,Canada,867
Sean Hartman,USA,867
Asher Kim-Magierek,USA,866
Sarina Wang,New Zealand,866
Stepan Anisimov (Степан Анисимов),Russia,866
Michał Mlostek,Poland,864
Max Walaszek,USA,864
Chung-Han Hsu (許鍾瀚),Taiwan,863
Burak Erdil Biçer,Turkey,863
Mohannad Mahmoud Fathy,Egypt,863
Jack Martin,USA,863
Dennis Hu,New Zealand,863
Elias Dunstone,Australia,862
Finn van der Maas,Netherlands,862
Pavel Mesyatsev,Russia,862
Bill Hammill,United Kingdom,861
Tucker Chamberlain,USA,861
Yifan Cheng (程依凡),China,861
Nathan Way,France,860
Samuel Knoll,USA,860
Daniel Ahokas,Canada,860
Tobias Peter,Switzerland,860
Ryan Wu,Canada,859
Carolina Guidetti,Italy,859
Lacey Dilworth,USA,859
Elvis Isaí Rosales Hernández,El Salvador,859
Ihor Kastranets (Ігор Кастранець),Ukraine,859
Bartosz Miduch,Poland,859
Pietro Mazza,Italy,858
Ahmed Ghandoor,Egypt,858
Tom Stanton-Barnett,New Zealand,857
Owen Brooks,USA,856
Stanley Chapel,USA,856
Khuslen Gan-Ochir,Mongolia,856
Diego Alfonso,France,856
Zachary Clark,USA,856
Zayd Chaudhry,Australia,855
Benjamin Bucksmith,New Zealand,855
Adam Golus,Poland,855
William Palmer,New Zealand,855
Liangrong Ma (马良戎),China,855
Muhammad Hafizuddin Akhtar Bin Mohd Zainal Abidin,Malaysia,854
Yunqi Ouyang (欧阳韵奇),China,854
Kun Zhu (朱锟),China,854
Aral Askarov,Kazakhstan,854
Bartłomiej Krokos,Poland,852
Geoffrey Li,Australia,852
Alwin Rölz,Switzerland,852
Bálint Csengő,Hungary,852
Lorenzo Layug,Philippines,851
Leo Millar,Australia,850
Mikhail Novoselov,Russia,849
Noah Aaron Pearson,Australia,849
Levi Gibson,USA,849
Aleksandr Beznogov,Russia,849
Federico Borgogni,Italy,849
Conlan Trace,USA,848
Jasper Murray,New Zealand,848
Tomasz Cepil,Poland,848
Linus Thyberg,Sweden,848
Lewis Garthwaite,USA,848
Dominika Warchoł,Poland,848
Vyacheslav Sizov,Russia,848
Jaime Calzado Gomez,Spain,848
Ahmet Barış Atlı,Turkey,848
George Scholey,United Kingdom,847
Dániel Székely,Hungary,847
Vojtěch Kundera,Czech Republic,847
Derek McNee,USA,847
Ethan Chen,Canada,846
Jude Doland,USA,846
Brady Lawrence,USA,845
Lir Ukaj,France,845
Kari Hyttinen,Finland,845
Elian Beguec,France,844
Rafał Waryszak,Poland,844
Ianis Costin Chele,Romania,844
Zijia Feng (冯子甲),China,844
John E. Bolling,USA,843
Luke Tycksen,USA,843
Chuan He (何川),China,842
Numair Malik,New Zealand,842
Karol Zakrzewski,Poland,842
Pau Carbonell,Spain,842
Shu Ogawa (小川柊),Japan,842
Nicholas Boo-Rivera,Malaysia,842
Jason White,USA,841
Lucas Jacobs,Canada,841
Mikhail Kopylov (Михаил Копылов),Russia,841
Tom Wilkinson,United Kingdom,841
Canzheng Cao (曹参政),China,840
Amy Eguchi-Fergusson,Australia,840
Kymberlyn Calderon,USA,840
Kanting Shi (史勘霆),China,840
Jakub Drobný,Slovakia,840
Henry Lichner,USA,840
Nathan Phillips,USA,840
Saveliy Surikov,Russia,839
Adam Marcellus Kelly,USA,839
Gabriel Otávio Barreto da Silva,Brazil,839
Luke Jankowiak,Canada,838
Thibaud Ou,France,838
Daan Kusters,Netherlands,838
Dmitrii Saukov (Дмитрий Сауков),Russia,838
Zhiyuan Ma (马之元),China,837
Heinrich de Lange,South Africa,837
Michael Muething,USA,837
Yelysei Hovorun (Єлисей Говорун),Ukraine,837
Marco Syfrig,Switzerland,837
Nurmukhammad Karimov,Uzbekistan,837
Christian Smedegaard,Denmark,836
Daniel Heberg Jørgensen,Denmark,836
Tzu-Han Hung (洪梓菡),Taiwan,836
Takao Hashimoto (橋本貴夫),Japan,836
Samir Homsi,Turkey,836
Yusuf Ragab,USA,835
Oscar Sánchez Najarro,Spain,834
Marcus Moberg,Sweden,834
Muhammed Pusat Özçelik,Turkey,833
Alejandro Nicolay,Spain,833
Fanyang Zeng (曾凡洋),China,833
Glenn Kadio-Morokro,USA,832
Ahmad Kamil Ihsan Bin Ikhwan,Malaysia,832
Dylan Cossin,USA,832
Krzysztof Wyrzykowski,Poland,831
Przemysław Kruczek,Poland,831
Xavier Ouano,Australia,831
Dominic Cater,USA,831
Doruk Dokurer,Turkey,831
Đặng Trần Diễn,Vietnam,830
Thomas Pierroz,Switzerland,830
David Edwards,Czech Republic,830
Jason Tong,China,830
Ethan Xu,New Zealand,830
James Elliott,USA,829
Jared Stinson,USA,828
Piotr Stachurski,Poland,828
Johannes Schiødte Gram Michaelsen,Denmark,827
Andres Roberto Amaya,Mexico,827
Midas Kiebert,Netherlands,827
Vitaliy Takanov,Russia,827
Xinyang Li (李昕洋),China,827
Zihao Wang (王子豪),China,826
Moritz Lotz,Germany,825
Evan Kuske,USA,825
Katie Hull,USA,825
Patryk Grosiak,Poland,824
Raymond Castillo,USA,824
Joseph Ong,USA,824
Ming Dao Ting,Australia,824
Dakota Akarlilar,USA,824
Isaac Myers,USA,824
Rowe Hessler,USA,823
Jesús Fernando Castelán Gómez,Mexico,823
Mansib Alam Talukder,Bangladesh,823
Richard Yiheng Tao,New Zealand,823
Dylan Baumbach,USA,822
Marat Karimov (Марат Каримов),Russia,822
Sameer Sethuram,USA,821
Aidan Toonen,Australia,821
Daniel Fraser,New Zealand,821
Kou Oobatake (大畠功),Japan,820
Ryan Eckersley,United Kingdom,820
Kai-Wen Wang (王楷文),Taiwan,820
Kent Thomson,Australia,820
Chawin Ratanasiri (ชวิน รัตนสิริ),Thailand,820
Tomasz Larysz,Poland,820
Cameron Miller,USA,819
Ignatiy Alkaev,Russia,819
Earl Joven Suyo,Philippines,819
Toni Beljo,Croatia,818
Myles Jarman,Australia,818
Mattia Rigo,Italy,818
Adrian Dębski,Poland,818
Wuouran Liu (刘巫偶然),China,818
Samuel Eklund-Hanna,Sweden,818
Adam Dawidziuk,Poland,817
Rafik Sarwat Naeem Ragheb,Egypt,817
Hua Long Javier Wan Zhu,Peru,817
Ozer Uysal,Australia,817
Erkin Can,Turkey,817
Dylan Chan,USA,817
Mikus Lembergs,Latvia,817
Joaquin Abarca,Canada,817
Timofey Dudko (Тимофей Дудко),Russia,817
Ekaterina Soboleva (Екатерина Соболева),Russia,817
Daniel Lucas Dailo,USA,816
Sergey Chirin,Russia,816
Ian Belevich (Ян Белевич),Russia,816
Keenan Johnson,USA,815
Lennon Hughes,Australia,815
Sebastian Bock,Australia,815
Evan Wright,USA,815
Kyle Polage,USA,814
William Niewand,Australia,814
David Messer,USA,814
Andreas Jensen Forsgren,Norway,814
Louis-Marie Ratto,France,814
Rodrigo Farfan Choquimaqui,Peru,814
Luca Stalpers,Netherlands,814
Paul Luciw,France,813
Cormac Farrell,United Kingdom,813
Andres Daniel Navarro Flores,Costa Rica,813
Piotr Ochal,Poland,812
Yerkin Assylbek,Kazakhstan,811
Ilya Sokolov,Russia,810
Jaxon Foster,Australia,810
Chris Choi,USA,810
Timur Imanov,Russia,809
Lucinda Zhou,USA,809
Artur Miralles Hernàndez,Spain,809
Brady Bockelman,USA,809
Benjamin Blaikie,New Zealand,809
Carol Chai,New Zealand,809
Lev Shpanov (Лев Шпанов),Russia,808
Egor Afanasenko (Егор Афанасенко),Russia,808
Esneider Giraldo Restrepo,Colombia,807
Simeon Buchner,Canada,807
Michael Tripodi,Australia,807
Leon Marcell Alamanda,Indonesia,807
Bharadwaj Duggaraju,India,807
Dilshodbek Kholmurodov,Uzbekistan,807
Samuel O'Sullivan,USA,807
Cyprian Kalbarczyk,Poland,807
Isaac Langer,USA,807
Félix Brouard,France,806
Will Callan,USA,806
William Moulden,Australia,806
Lucas Dusil,Czech Republic,805
Mateusz Gołaś,Poland,805
Luigi Soriano,USA,805
Frederiks Rūdolfs Kronbergs,Latvia,805
Phoenix Patterson,Australia,804
Anshu Chennuru,USA,804
Niklas Aasen Eliasson,Norway,804
Sean Clifton,Czech Republic,804
Yee Wen Foo,Malaysia,804
Ian Yeh,Canada,803
Dennis Rosero,Colombia,803
Leo Min-Bedford,Canada,803
Giovanni Bezzetto,Italy,803
Artem Kosarev (Артем Косарев),Russia,803
Zedan Mohamed Ahmed,Egypt,802
Ian Vaugier Aguilar,Mexico,802
Nick Agatyn,Australia,802
Renato Stopic,Bosnia and Herzegovina,802
Khem Fernandez,Philippines,802
Declan James Douglas McLennan,Australia,802
Oleg Ten (Олег Тен),Uzbekistan,802
Daniel Goodman,USA,801
Ayaz Minnegaleev,Russia,801
Davide Arnesano,Italy,801
Johannes Knudsen,Sweden,801
Benjamin Pugh,USA,801
Michele Zanirato,Italy,801
Silas Emerian,USA,800
Burak Yalçın,Turkey,800
Aiden Chan,Canada,800
Nathan Dwyer,USA,800
Chenkai Shen (沈宸恺),China,800
Nathan Barbre,USA,800
Javier López Fernández,Spain,800
Ethan Lai,USA,800
Brennen Lin,Canada,799
Ekaterina Kaneva,Russia,799
Leonid Zakharov (Леонид Захаров),Russia,799
Iurii Chesnokov (Юрий Чесноков),Russia,799
Samuel Park,New Zealand,799
Jayden McNeill,Australia,799
Stephen Waller,United Kingdom,798
Alimzhan Kenesbek (Алимжан Кенесбек),Kazakhstan,798
Fikri Ahmad Nabigha,Indonesia,798
Luke Galioto,USA,798
Timothy Lawrance,South Africa,798
Jeremy Foott,Australia,797
Mitchell Hum,USA,797
Anqi Yu,Bulgaria,797
Ethan Basanov,Canada,797
Bryant Farrel Titanius,Indonesia,797
Tyler Williams,Australia,796
Zee Capangpangan,Philippines,796
Chia-Jui Lin (林家睿),Taiwan,796
Daniel Rush,South Africa,796
Akın Köse,Turkey,796
Birkan Mayadağ,Turkey,795
Dylan Johnston,Australia,795
Farhan Tanvir Fahim,Bangladesh,795
Viacheslav Osminin,Russia,795
Zhi-Bo Lien (連致博),Taiwan,794
Luke Dufty,New Zealand,794
Peng Wang (王鹏),China,794
Sanjay Jacob,India,794
Marlon de V. Marques,Brazil,794
Berk Rende,Turkey,794
Dmitry Kryuzban,Russia,793
Zhanat Kazez (Жанат Казез),Kazakhstan,793
Anuar Miguel Abib Onofre,Brazil,793
Lucas Barbosa Brito,Brazil,793
Samuel Flórez Carvajal,Colombia,793
Antto Pitkänen,Finland,793
Yuhang Sun (孙煜航),China,793
Tomasz Pietruszka,Poland,793
Max Blechman,USA,793
Matthew Siegel,Thailand,792
Ayden Nguyen,Canada,792
Conor Sullivan,Australia,792
Arush Singh,India,792
Andrey Kocharin (Андрей Кочарин),Russia,792
Olivier Vos,Netherlands,792
David Vujasić,Croatia,792
Benicio Lins Pinheiro,Brazil,792
Alexander Shishkov (Александр Шишков),Russia,792
Walter Duff,Canada,792
Pavlo Bondar (Павло Бондар),Ukraine,792
Ely Charqueno,USA,792
Christopher Fandrich,USA,791
Oliwier Tkaczyk,Poland,791
Tim Gajewi,Germany,791
Borys Chojak,Poland,791
Joaquin Ruenes Hernández,Mexico,791
Bogdan Pominov (Богдан Поминов),Russia,791
Pessi Ansaranta,Finland,790
Lucas Kuczaj,Canada,790
Davron Takhirov,Uzbekistan,790
Fengyan Zhang (张枫岩),China,790
Konrad Leśniak,Poland,789
Alex Davani,USA,789
Patrick Fischer,USA,788
Wouter Komduur,Netherlands,788
Kate Grahame,USA,788
Sebastian Werb,Germany,787
Haotian Wang (王昊天),China,787
Daphne Soegijono,Indonesia,787
Zixuan Liu (刘子瑄),China,787
Jakub Grzyb,Poland,786
Xiangyan Jin (金香延),China,786
Hong-An Lai (賴泓安),Taiwan,786
Jason Ostdiek,USA,786
Nick Nijssen,Netherlands,786
Kit Clement,USA,785
Jeann Valdez,Australia,785
Marcos Josías Antigua Lebrón,Dominican Republic,785
Iftakharul Islam,Bangladesh,785
Robert G. Pearce IV,USA,785
Amir Husain,Kazakhstan,785
RJ Gohn,USA,785
Andrey Mishin,Russia,784
Ruei-Jyun Chang (張睿鈞),Taiwan,784
Logan Day-Richter,USA,784
Antonio Gabriel Freitas da Silva,Brazil,783
Andrew Rizo,USA,783
Elliott Perkins,USA,782
Mikhail Glazov (Михаил Глазов),Russia,782
Yuxuan Zheng (郑誉轩),China,782
Sergey Eremin (Сергей Еремин),Russia,782
Wout Plaum,Belgium,781
Lorenzo Franco Kasilag,Philippines,781
Andrey Mrinskiy (Андрей Мринский),Russia,781
Daniel James,India,781
Samuel Du,USA,781
Sebastian Carrillo,USA,781
Stephen Bohner,USA,780
Joe Greenland,United Kingdom,780
Ilya Shalashny (Илья Шалашный),Russia,780
Grzegorz Szumigaj,Poland,780
Ruoxin Zhou (周若昕),China,779
Roan Paone,Canada,779
Andrey Vysotin (Андрей Высотин),Russia,779
Muhsin Mert Arslan,Turkey,779
Santeri Laine,Finland,779
Nikolay Ambrosiy (Николай Амбросий),Russia,778
Aiden Hermary,Canada,778
Aaron Ariff,Malaysia,778
Oscar Liang,Australia,778
Kristopher De Asis,Canada,777
Alvar Nylén,Sweden,777
Jose Daniel Solano Rodríguez,Costa Rica,777
Alejandro Soriano,Spain,777
Rafae Rajani,Australia,776
Silas Kampp Richter Lassen,Denmark,776
Andrés Hisashi Suzuki,Peru,776
Benjamin John McConkie,USA,776
Kun Er Zhang,New Zealand,776
Will Newhoff,USA,776
Kevin Min,Korea,776
Rasmus Händén,Sweden,775
Bartosz Krogul,Poland,775
Xulang Li (黎旭朗),China,775
Zach Amiridis,Australia,775
Ivan Polkanov (Иван Полканов),Russia,775
Karsen Oun,Canada,774
Aset Agabekov (Асет Агабеков),Kazakhstan,774
Paul Galioto,USA,774
Avanish Ayyappan,India,774
CJ Dresdner,USA,774
Rustin Haderlie,USA,774
Sumanth Chandrupatla,USA,774
Oscar Watson,Australia,774
José Eduardo Palacios Castro,El Salvador,774
Sean Moran,United Kingdom,774
Sicheng Gu (顾思成),China,774
Bandar Al Aish,Bahrain,774
Timofey Dementev,Russia,773
Elliott O’Brien,New Zealand,773
Bogdan Oreshin (Богдан Орєшін),Ukraine,773
Mahmoud Salah El Deberky,Egypt,773
Sam Thessen,USA,773
Shyngys Sharapadin (Шынгыс Шарападин),Kazakhstan,773
Teh Zhe Wen (郑哲文),Malaysia,773
Kirill Levchuk (Кирилл Левчук),Russia,773
Carson Deibert,Canada,772
Lachlan Stephens,Australia,772
Dmitriy Kukuev,Russia,771
Luke Pearson,USA,771
Daniël Veldman,Netherlands,771
Oliver Hoy,Australia,771
Jonathan Dammann,France,771
Caleb Pelster,USA,771
Juan Fausta Pringadi,Indonesia,771
Jack Sutton,Australia,771
Oliver Fisk,United Kingdom,771
Daniel Quiñones Olgado,Peru,771
Bùi Minh Đức,Vietnam,771
Gabriel Lincon Souza,Brazil,770
Junkai Yang (杨竣凯),China,770
Yusuf Güzeler,Turkey,770
Damiano Di Paola,Italy,770
Dmitry Obukhov,Russia,770
Henri Gerber,Germany,770
Ziyue Yang (杨子跃),China,770
Unubold Altanzul,Mongolia,770
Junseop Kim (김준섭),Korea,770
Tiancai Zhu (朱田才),China,770
Jackson Moorhead,New Zealand,770
Alexei Sinyavin,USA,769
Maksymilian Kulas,Poland,769
Karol Kantor,Poland,769
Przemysław Rogalski,Poland,769
Szymon Bereza,Poland,769
Michael Larsen,USA,768
Miguel Antonio Fernandez Guerrero,Dominican Republic,768
Frederick Zheng,USA,768
Charles Jerome,USA,768
Sukant Koul,India,768
Jan Bielenia,Poland,768
Chenchen Ge (葛陈晨),China,767
Darcy Way,Australia,767
Destin Shulfer,USA,767
Will Fairfax,New Zealand,767
Lev Bruskov (Лев Брусков),Russia,767
Federico Da Fonseca,Argentina,767
Isaac Latta,New Zealand,767
Luke Griesser,USA,766
Antoine Piau,France,766
Chia-Liang Tai (戴嘉良),Taiwan,766
Natthaphat Mahtani (ณัฐภัทร จี มาทานี),Thailand,766
Yurii Riabov (Юрій Рябов),Ukraine,766
Jack Larsson Backsell,Sweden,766
Peter Grassard,France,766
Bertie Longden,United Kingdom,766
Aaron Do,USA,765
Mátyás Ondok,Hungary,765
Sam Datson,Australia,765
Guus de Wit,Netherlands,765
Catharina Nguyen,Denmark,765
Gamaliel Jimenez Oropeza,Mexico,765
Yuri Donati,Italy,765
Muhammad Faeyza Koda,Indonesia,765
Roberts Dreijers,Latvia,765
Wojciech Kisała,Poland,765
Maxim Meshcheryakov,Russia,765
Nicholas Patterson,Canada,765
Leeah Gard-Spaulding,Australia,764
Nicolas Gertner,France,764
Francisco Moraes Mandalozzo,Brazil,764
Svyatoslav Chekalin (Святослав Чекалин),Russia,764
Hudson Akarlilar,USA,763
Hudson Moore,USA,763
Vyacheslav Kochergin (Вячеслав Кочергин),Russia,762
Arnav Arora,India,762
Igor Tarasov (Ігор Тарасов),Ukraine,762
Frederico Canal Gomes,Brazil,762
Oliver Fritz,Germany,762
Emil Khalimov,Russia,761
Matthias Schegers,Belgium,760
Karam Al-Robaie,United Kingdom,760
Alisher Soltan (Алишер Солтан),Kazakhstan,760
Gjorgji Cheshmedjievski,North Macedonia,760
Danil Skoromec,Russia,760
Dawid Mazurek,Poland,760
Aryan Kejriwal,USA,760
Yu-Kai Chen (陳宇楷),Taiwan,760
Carter Thomas,USA,760
Ihor Voloshyn (Ігор Волошин),Ukraine,759
Germán Yesid Cardona Fajardo,Colombia,759
Vladimir Khisamov (Владимир Хисамов),Russia,759
Tripp Peters,USA,759
Phùng Đức Thắng,Vietnam,759
Aayas Dhoj Joshi,Nepal,759
Igor Kolosov (Игорь Колосов),Russia,759
Derek White,USA,758
Roy Lee,USA,758
Zijun Liu (刘子钧),China,758
Rubén López de Juan,Spain,758
Victor Oster Süberkrüb,Denmark,758
Yunhui Zhao (赵云晖),China,758
Daniel Porter,USA,757
Ewan Geertson,New Zealand,757
Luca Spataro,USA,757
Yan Jin (金岩),China,757
Vincent Hartanto Utomo,Indonesia,757
Yuji Yoshida,Philippines,757
Ava Felsenfeld,USA,757
Akash Rupela,India,756
Callum Hales-Jepp,United Kingdom,756
Zoé Ruth,France,756
Alex Loor,Ecuador,756
Noah Hite,USA,756
Brandon Pierel,USA,756
Ivan Kulikov (Иван Куликов),Russia,756
Roman Kremer (Роман Кремер),Russia,756
Shuto Ueno (上野柊斗),Japan,756
Benjamin Tibbetts,USA,756
Yaji Liang (梁雅吉),China,756
Santiago Peña Urrego,Colombia,756
Otgonbat Zorigt (Зоригт Отгонбат),Mongolia,755
Mariia Hunchak (Марія Гунчак),Ukraine,755
Jay Calter,Australia,755
Jakub Miśko,Poland,755
Konstantin Kuznetsov (Константин Кузнецов),Russia,755
Sébastien Auroux,Germany,755
Wong Chong Wen (黄崇文),Singapore,755
Carlos Sullca Mejía,Peru,755
Danila Ryabinin,Russia,755
Maxim Bochkarev (Максим Бочкарёв),Russia,754
Lawson Burrows,Australia,754
Joonas Silvennoinen,Finland,754
Andrew McCormick,USA,754
Marco Giordano,Italy,753
Nicholas Kang,Canada,753
Aidan McKenzie,USA,753
Yannic Waser,Switzerland,753
Milhouse Gibbons-Paul,United Kingdom,753
Gil Kochbeck,Germany,752
Filip Boberski,Poland,752
Farrah Abdallah,Bangladesh,752
Timo Regoor,Netherlands,752
Adam Moughnie,Canada,752
Yasa Zaheen,Bangladesh,751
Alaik Bhatia,India,751
James Holdsworth,Australia,751
Mikhail Malamant (Михаил Маламант),Russia,750
Jan Golec,Poland,750
Miguel Solis,Panama,750
Zhao-Zhe Zhong (鍾肇哲),Taiwan,750
Vishwa Sankar,USA,750
Eric Waldbillig,USA,750
Darya Belonogova,Russia,750
Nikita Kim (Никита Ким),Kazakhstan,750
Benjamin Walker,Australia,749
Steve Greer,USA,749
Michał Woliński,Poland,749
Aedan Bryant,USA,749
Jacob Chambers,United Kingdom,749
João Marcos Rocha Souza,Brazil,749
Riley Norrid,USA,748
Chris Yoder,USA,747
Maheran Chowdhury,Australia,747
Hannah Minas,Switzerland,747
Tim Vergeer,Netherlands,747
Boqin Zhao (赵博钦),China,747
Taine Cassar,Australia,747
Aleksander Kołodziński,Poland,747
Lorenz Hurlet,Belgium,747
Maxim Volkov (Максим Волков),Russia,747
Mikhail Sautkin (Михаил Сауткин),Russia,747
Zoë Zwanepol,Netherlands,746
Avetik Movsesyan,Russia,746
Ludvig Nilsson,Sweden,746
Phan Trọng Nghĩa,Vietnam,746
Huston Vu-Duc,Russia,746
Alessandro Nicolì,Italy,746
Brandon Harnish,USA,746
Zuhan Zhang (张祖瀚),China,745
Zhoupeng Yang (杨周澎),China,745
Eddy Deturche,France,745
Matthew Shay,USA,745
Nikolas Haramis,USA,745
Emerson Shawara,Canada,745
Lim Chun Yik,Malaysia,744
Taku Yanai (矢内拓),Japan,744
Antonio Bonessi,USA,744
Igor Wojciech Wawrzynski,Poland,744
Simon Jansson,Sweden,744
Robert Yau,United Kingdom,744
Greg Leonard,Belgium,744
Michael (謝富亦),Indonesia,744
Timofey Bozhko-Dombrovskii,Russia,744
Max Xiong (熊锐明),China,744
William Tanuwijaya,Indonesia,744
Bryan Gan Tze Yang,Malaysia,743
Vladyslav Zhydkov (Владислав Жидков),Ukraine,743
Santino Maiorino,USA,743
Bryan Eng,Australia,743
Vladyslav Hryniuk (Владислав Гринюк),Ukraine,743
Wilhelm Kilders,Germany,743
Yap Jia Yang,Malaysia,743
Ryan Wang,USA,743
Alanna Cooney,USA,742
Sam Adams,USA,742
Jorge Luis Castillo Carrasco,Mexico,742
Karin Iwano,Japan,742
Pavel Raschetov (Павел Расчетов),Kazakhstan,742
Katie Crouse,Canada,741
Brodie D. Cheater,Australia,741
Roy Yue,USA,741
Alexander Kushnarev (Александр Кушнарев),Russia,741
Jean-Luc Grijt,Netherlands,741
Manuel Prieto de Antón,Spain,741
Islam Kitiev,Russia,741
Ekaterina Chistoedova (Екатерина Чистоедова),Russia,740
Alvaro Haidar Ersha,Indonesia,740
Matthew Prestwich,United Kingdom,740
Nikita Popkov,Russia,740
Muhtasim Al Farabi,Bangladesh,740
Eli Jay,United Kingdom,739
Xingkai Yin (尹星凯),China,739
Tyler Gee,USA,739
Oleksii Lukin (Олексій Лукін),Ukraine,739
Jingpeng Wu (吴劲芃),China,739
Will Russo,USA,738
Nikolay Pavlenko (Николай Павленко),Russia,738
Jacob Joshi,Australia,738
Valerio Raimondi Vallesi,Italy,738
Stepan Kobelev (Степан Кобелев),Russia,738
Gabriel Brasileiro Vanderlei Rodrigues da Costa,Brazil,738
Myka Peterson,USA,738
Santiago Arevalo,Uruguay,738
Nathan Quan,USA,738
Felipe André de Oliveira Guerra,Brazil,738
Travis Burkett,USA,737
Onur Gürsoy,Turkey,737
Jakub Pietrzyk,Poland,737
Munes Ameen Mohammad Abd Elhaq,Palestine,737
Mustafa Berke Özcan,Turkey,737
Jérôme Fréguin,Canada,737
Chi-Yu Li (李其祐),Taiwan,737
Vilius Čirgelis,Lithuania,737
Yizhuo Yan (严一卓),China,737
Owen Chester,USA,736
Denis Gorchakov,Russia,736
Brandon Manke,USA,736
Luke Van Laningham,USA,735
Jindřich Heissiger,Czech Republic,735
Miguel Ángel Hernández,Panama,735
Thiago Henrique Jardim Cardoso,Brazil,735
Jensen Belen-Brown,Canada,735
Théo Naedenoen,Belgium,734
Amogh Adluri,USA,734
Jacob Shum,Canada,734
Gianfranco Camones Caycho,Peru,734
Alex Taylor,New Zealand,734
Daniel Alejandro Cruz Tunubalá,Colombia,734
Milan Nikiforov,Kazakhstan,734
Yunke Zhang (张云柯),China,733
Jinxuan Ni (倪锦旋),China,733
Vianne Chang,Canada,733
Qiyu Zhang (张淇奥),China,733
Kristiāns Pietkuns,Latvia,733
Shih-Yu Yang (楊仕宇),Taiwan,733
Dilmar Rakhatov (Дильмар Рахатов),Kazakhstan,732
Ivan Vanek,USA,732
Takayuki Tanaka (田中隆喜),Japan,732
Aiden Dajun Kim,Canada,732
Kacper Domański,Poland,732
Cezary Mach,Poland,732
Munkhdelger Shinekhuu,Mongolia,731
Daniel Suh,USA,731
Hubert Gontarczyk,Poland,731
Paolo Resta,Italy,731
Pedro Henrique de Jesus Silva,Brazil,731
Kaius Young,USA,731
Sebastián Morón Mariscal,Bolivia,730
Felipe Cardim,Brazil,730
Yuvraj Agarwal,India,730
Valeriia Volova (Валерія Волова),Ukraine,730
Lucas Buckley,Australia,730
Aiden Krog,Australia,730
Scott Weston,USA,729
Tianze Liu,China,729
Christopher J. Yuh,USA,729
Jaemin Chang (장재민),Korea,728
Artem Kapustinskiy (Артем Капустинский),Russia,728
Yue Xin (辛岳),China,728
Daniel Gracia Ortiz,Spain,727
Zihan Wang (王子涵),China,727
