name,country,333
Tymon Kolasiński,Poland,1496
Ciarán Beahan,Ireland,1443
Ruihang Xu (许瑞航),China,1442
Feliks Zemdegs,Australia,1430
Szymon Musiał,Poland,1427
Weihao Kong (孔维浩),China,1427
Yezhen Han (韩业臻),China,1417
Joshua Hounslow,Australia,1415
Dwyane Ramos,New Zealand,1412
Max Park,USA,1400
Yiheng Wang (王艺衡),China,1398
Martin Vædele Egdal,Denmark,1397
Jiazhou Li (李佳洲),China,1396
Zayn Khanani,USA,1390
Olaf Kuźmiński,Poland,1386
Luke Burong,Australia,1373
Riley Dexter,Australia,1373
Sebastian Weyer,Germany,1368
Łukasz Burliga,Poland,1362
Lukas Shelley,Denmark,1356
Elvin Thorsen,Sweden,1355
Lachlan Stephens,Australia,1352
Yu Tang (唐语),China,1352
Magdalena Pabisz,Poland,1352
Jode Brewster,Australia,1351
Mikołaj Zubowicz,Poland,1350
Adrien Auvray Matyn,New Zealand,1347
Rasmus Stub Detlefsen,Denmark,1345
Philipp Weyer,Germany,1345
Twan Dullemond,Netherlands,1343
Zixuan Yang (杨子轩),China,1341
Marquez Phan,Australia,1332
Juliette Sébastien,France,1329
Chris Mills,United Kingdom,1325
Ben Kirby,New Zealand,1325
William Jensen,Sweden,1324
Nguyễn Khang Minh,Vietnam,1323
Matty Hiroto Inaba,USA,1319
Maciej Czapiewski,Poland,1318
Kai-Wen Wang (王楷文),Taiwan,1317
Jonathan Charlesworth,Australia,1315
Alevio Hamizan Ersha,Indonesia,1314
Karol Zakrzewski,Poland,1313
Luke Garrett,USA,1311
George Scholey,United Kingdom,1310
Andrey Che,Russia,1305
Nanxi Liu (刘南希),China,1304
Yibo Wang (王奕博),China,1300
Yihan Chen (陈奕涵),China,1300
Alexander Tosting,Sweden,1300
Ethan Stevens,Australia,1299
Phoenix Patterson,Australia,1299
Amos Nordman,Finland,1299
Yusheng Du (杜宇生),China,1297
Andy Gong,Australia,1295
Antonie Paterakis,Greece,1294
Jan Zych,Poland,1289
Jiayu Wang (王佳宇),China,1287
Sam Sieracki,Australia,1287
Bryan Eng,Australia,1286
David Epstein,Australia,1285
Hanyu Liu (刘函宇),China,1283
Yuxuan Guo (郭雨轩),China,1283
Przemysław Kaleta,Poland,1281
Daniel Wallin,Sweden,1280
Zhiyuan Ma (马之元),China,1279
Henri Gerber,Germany,1279
Patrick Ponce,USA,1278
Alexander Bashutkin,Russia,1276
Zak Kenny,Australia,1276
Jasper Murray,New Zealand,1275
Vincent Wong,Australia,1273
Daniel Tidsey,United Kingdom,1272
Cornelius Dieckmann,Germany,1272
Mika Smulders,Netherlands,1272
Dmitry Dobrjakov,Russia,1271
Anatole Volongo,France,1270
William Lu (呂宇綸),Taiwan,1270
Chengyang Song (宋成阳),China,1268
Magnus Søndergaard Byrne,Denmark,1268
Kevin Gerhardt,Germany,1265
Jakob Gunnarsson,Sweden,1263
Adam Chodyniecki,Poland,1262
Charlie van Ooran,Australia,1261
Oscar Watson,Australia,1261
Alexandre Carlier,France,1260
Ruikang Lu (陆瑞康),China,1260
Jayden McNeill,Australia,1259
Fabio Schwandt,United Kingdom,1258
Ryan Pilat,USA,1257
Lennon Hughes,Australia,1257
Lucas Etter,USA,1256
Magnus Patrick Kanstrup,Denmark,1254
Zeke Mackay,USA,1253
János Bereczki,Romania,1252
Abdelhak Kaddour,France,1250
Eli Jay,United Kingdom,1250
Jiale Liu (柳嘉乐),China,1249
Linus Laurén,Finland,1249
Hua Huang (黄华),China,1248
Ainesh Sevellaraja,Malaysia,1248
Linus Thyberg,Sweden,1245
Nicolas Gertner,France,1244
Jr-Wei Jang (張智瑋),Taiwan,1244
Xiaoke Xu (徐晓珂),China,1243
Tee Kai Yang,Malaysia,1243
Taine Cassar,Australia,1242
Junliang Huang (黄骏亮),China,1242
Sean Patrick Villanueva,Philippines,1240
Mats Valk,Netherlands,1239
Harry Savage,United Kingdom,1239
Yinming Zhu (朱胤铭),China,1237
Sebastian Williams,United Kingdom,1237
Artem Kosarev (Артем Косарев),Russia,1236
Richard Delacoste,Switzerland,1235
Brian Johnson,USA,1235
Enxi Peng (彭恩希),China,1234
Jack Mennie,Australia,1234
Igor Ośmiałowski,Poland,1233
Kajetan Opach,Poland,1233
Ivan Lew Yi Wen (刘义文),Malaysia,1233
He-Ping Zheng (鄭和平),Taiwan,1232
Yichen Jiang (姜一辰),China,1232
Xiangwei Chen (陈相炜),China,1231
Lance Aguilar,Australia,1230
Bruno Vervoort,Belgium,1229
Shih-Hao Wang (王士豪),Taiwan,1229
Zach Amiridis,Australia,1229
Will Gurnett,Australia,1226
Genjin Xu (许根进),China,1226
Marcus Moberg,Sweden,1225
Szymon Malinowski,Poland,1224
Seung Hyuk Nahm (남승혁),Korea,1224
Lucas Déglise,France,1223
Bartosz Karpiński,Poland,1223
Mathias Søndergaard Byrne,Denmark,1222
Ryan Driscoll,Australia,1222
Qinxi Wei (韦钦曦),China,1222
Benjamín Ochoa,Peru,1221
Christopher Morris,United Kingdom,1221
Firstian Fushada (符逢城),Indonesia,1221
Alexander Vujcich,New Zealand,1220
Tycho Rietman,Netherlands,1219
Zihao Wan (万子豪),China,1218
Ping-Yueh Huang (黃品越),Taiwan,1217
Leon Schmidtchen,Germany,1217
Daniel Karnaukh,USA,1217
Xingkai Yin (尹星凯),China,1216
Kaur Tuule,Estonia,1215
Mateusz Gil,Poland,1215
Tu Pham,Vietnam,1215
Jerry Yao,USA,1215
Charlie Eggins,Australia,1214
Kyle Santucci,Canada,1214
Paul Pleis,France,1214
Simon Geertsema,New Zealand,1214
Sora Sato,Australia,1213
Longwang Li (李龙旺),China,1213
Zijian Cai (蔡子健),China,1212
Robert Yau,United Kingdom,1212
Fangrui Zeng (曾方锐),China,1211
Johan Mørkbak Bertelsen,Denmark,1210
Louis Fertier,France,1209
Tanish Dhiman,India,1209
Ivan Polkanov (Иван Полканов),Russia,1208
Paul Mahvi,USA,1208
Guangmei Chen (陈光美),China,1208
Lingkun Jiang (姜凌坤),China,1208
Emilio Matanguihan,Australia,1208
Tommy Kiprillis,Australia,1207
Gabriel Rejdych,Poland,1206
Marco Vorländer,Germany,1205
Kari Hyttinen,Finland,1205
Xianjing Wang (王先靖),China,1205
Michał Rzewuski,Poland,1205
Charlie Harrison,United Kingdom,1205
Tomáš Nguyen,Vietnam,1204
Yu-Kai Chen (陳宇楷),Taiwan,1204
Arisandra Soo,Australia,1204
Anders Berggren,Sweden,1203
Valerio Locatelli,Italy,1202
Renxin Tang (汤任欣),China,1202
Justin Mallari,USA,1201
Ray Zhang (张灏睿),Australia,1201
Sameer Aggarwal,USA,1201
Michael Andres Castillo Lemus,Colombia,1200
Mohamed Elkhatri,Morocco,1200
James Holdsworth,Australia,1200
Liam Highducheck,Australia,1199
Matthew Lowe,United Kingdom,1199
Michał Marszałek,Poland,1199
Lianhao Zhu (褚连皓),China,1198
Weiqin Yang (杨伟钦),China,1197
Yunliang Zhang (张赟量),China,1197
Alwin Rölz,Switzerland,1197
Peter Weyers,USA,1197
Matěj Grohmann,Czech Republic,1196
Angel Anampa,Peru,1196
Valerii Omelchuk (Валерій Омельчук),Ukraine,1196
David Pearce,Australia,1195
Peri Le Dain,USA,1195
Aarav Warrier,Australia,1193
Zhi Li (李志),China,1193
Ole Meindersma,Netherlands,1191
Yibo Xu (许一博),China,1191
Christopher Yen,USA,1191
Ray Bai,USA,1191
Artem Ganzha,Russia,1191
Rhys Lloyd,Australia,1190
Samuel Weber,USA,1190
Caleb Clark,Australia,1190
Ihor Sukhovatenko (Ігор Суховатенко),Ukraine,1190
Daniel Vædele Egdal,Denmark,1189
Martin Brath,Germany,1189
Daniel Rose-Levine,USA,1189
Duc Huynh,Germany,1189
Jacob Chambers,United Kingdom,1188
Dylan Miller,USA,1187
Nicolás Sánchez,USA,1187
Alex Liau,Australia,1187
Rami Sbahi,USA,1187
Kailong Li (李开隆),China,1186
Juncheng Luo (罗骏承),China,1185
Tommy Cherry,USA,1184
Frederik Løchte,Denmark,1184
Zhao-Zhe Zhong (鍾肇哲),Taiwan,1184
Pessi Ansaranta,Finland,1183
Jonatan Kłosko,Poland,1183
Zhenyu Wang (王振宇),China,1183
Patrick Hetco,Germany,1183
Yi-Fan Wu (吳亦凡),Taiwan,1182
Lucas Buckley,Australia,1182
Michał Krasowski,Poland,1182
Juan David Carmona Vásquez,Colombia,1182
Luke Tycksen,USA,1181
Daniel Heberg Jørgensen,Denmark,1181
Waldemar Sundin,Sweden,1180
Sergey Ryabko,Russia,1180
Tyler Williams,Australia,1179
Matthew Cook,Australia,1179
Christian Foyle,Australia,1179
Carlos Sullca Mejía,Peru,1178
Kacper Rafalski,Poland,1178
Guojie Wang (王国杰),China,1177
Edward Rust,Australia,1177
Mateusz Szulik,Poland,1176
Alan Siburian,Australia,1176
Paxton Bennison,Australia,1175
Erik Akkersdijk,Netherlands,1175
Jason Harley,United Kingdom,1175
Daniel Gutierrez,USA,1174
Toby Seufert,Australia,1174
Samuel Tie,Australia,1173
Lev Golub (Лев Голуб),Ukraine,1173
Sean Moran,United Kingdom,1173
Darcy Way,Australia,1173
Mantra Shukla,New Zealand,1173
Jack Ryan,USA,1172
Richard Yiheng Tao,New Zealand,1172
Marek Majerik,Slovakia,1172
Tristan Chua Yong,Singapore,1171
Jakub Wojtaszewski,Poland,1171
Alessandro Nicolì,Italy,1170
Sean Belke,USA,1170
Justice Callewaert,Belgium,1170
Quentin Rivault,France,1170
Zihan Zhang (张子涵),China,1170
Jay Calter,Australia,1170
Zhaohong Huang (黄兆鸿),China,1169
Nathan Wu,USA,1168
Lazo Jalal,Australia,1167
Emil Diring,Germany,1167
Wong Kin Lok (黃健樂),Hong Kong,1166
Will Newhoff,USA,1166
Zibo Xu (徐子博),China,1165
Mikołaj Tyra,Poland,1165
Alexander Chieng,Australia,1164
Julian Bürgi,Switzerland,1164
Dmitry Zvyagintsev,Russia,1164
Bill Hammill,United Kingdom,1164
Jie Wang (王杰),China,1164
Seth Ferry,Australia,1163
James Macdiarmid,New Zealand,1163
Leo Millar,Australia,1163
Lei Liu (刘磊),China,1163
Zhourun Yang (杨周润),China,1162
Aaron Huynh,USA,1162
Liam Wadek,New Zealand,1162
Mattia Galentino,Italy,1161
Zayd Chaudhry,Australia,1161
Kim Roger Høyland Larsen,Norway,1161
Christian Morgan,Australia,1160
Jakub Hamkało,Poland,1159
Nguyễn Ngọc Thịnh,Vietnam,1159
Sarina Wang,New Zealand,1159
Ziyu Wu (吴子钰),China,1158
AJ Kamal,USA,1158
Kaijun Lin (林恺俊),China,1157
Sean Vyner,Australia,1157
Tam Quan,Australia,1157
Aiden Bartlett,USA,1157
Vladyslav Hryniuk (Владислав Гринюк),Ukraine,1157
Zhiquan Li (李志权),China,1156
Witold Sołtysik,Poland,1156
José Alberto Fuenmayor Garcia,Venezuela,1156
Bartłomiej Krokos,Poland,1156
Drew Brads,USA,1156
Florian Truckenthanner,Austria,1155
Kate Grahame,USA,1155
Mark Zimmermann,Germany,1154
Christopher Sun,USA,1154
Jakub Kipa,Poland,1154
Trần Đăng Quang,Vietnam,1154
Will Rankin,Australia,1154
Hector David Martinez Argaez,Colombia,1153
Michael Alexander,Australia,1153
Hassan Khanani,USA,1153
Jeann Valdez,Australia,1152
Breandan Vallance,United Kingdom,1152
James Alonso,United Kingdom,1152
Benjamin Walker,Australia,1152
Pengcheng Wang (王鹏程),China,1151
Ethan Pan,New Zealand,1151
Wojciech Piórczyński,Poland,1151
Thomas Cellé,France,1151
Yap Jia Yang,Malaysia,1151
Joseph Tudor,United Kingdom,1151
Yueh-Lin Tsai (蔡岳霖),Taiwan,1151
Blake Thompson,USA,1150
Brenton Angelo Lo Wong,Philippines,1150
Jonas Voitel,Germany,1150
Vincent Hartanto Utomo,Indonesia,1150
Francisco Hamlin,Argentina,1149
Shu Ogawa (小川柊),Japan,1149
Asia Konvittayayotin (เอเชีย กรวิทยโยธิน),Thailand,1149
Asher Kim-Magierek,USA,1149
Adam Kędziorski,Poland,1149
Mattia Furlan,Italy,1149
Boxuan Fan (范柏轩),China,1148
Sören Jaan Handschuch,Germany,1148
Noah Kraft,Germany,1147
Saavar Bajaj,Australia,1147
Sheng Cao (曹晟),China,1147
Qiyu Zhang (张淇奥),China,1146
Dylan Beetge,Australia,1146
Nicholas Paul,Australia,1145
Noah Aaron Pearson,Australia,1145
Joel Cetra,Germany,1144
Samir Homsi,Turkey,1144
Eric Pesci,USA,1144
Louis de Mendonça,United Kingdom,1144
Andy Ma,China,1144
Myles Jarman,Australia,1144
Yinghao Wang (王鹰豪),China,1144
Callum McArthur-Mortell,Finland,1144
Stanley Chapel,USA,1143
Nan Zhang (张楠),China,1143
Dana Yi,USA,1143
Xinjie Shi (施鑫杰),China,1143
Kian Mansour,Canada,1143
Lucas O'Connell,New Zealand,1143
Brody Lassner,USA,1142
Juan-Felipe Forero,Australia,1142
Ho Hsieh (謝合),Taiwan,1142
Junqi Feng (冯骏骐),China,1142
Keaton Ellis,USA,1142
Xuechao Zhang (张学超),China,1142
Rafał Waryszak,Poland,1142
Ben Stokes,United Kingdom,1141
Joseph Briggs,United Kingdom,1141
Bill Wang,Canada,1140
Reinier Schippers,Netherlands,1140
Pablo Contreras,France,1140
Wojciech Knott,Poland,1139
Leo Borromeo,Philippines,1139
Brian Sun,Canada,1139
Vinz Navales,Australia,1139
Simon Kalhofer,Germany,1139
Loic Chiang,Singapore,1139
Bartłomiej Owczarek,Poland,1139
Luke Jankowiak,Canada,1139
Ivan Bogdan,Belarus,1139
Bálint Csengő,Hungary,1139
Harrison Marsden,New Zealand,1138
George Jahn,Australia,1138
Kanting Shi (史勘霆),China,1137
Victor Glyrskov,Denmark,1137
Taro Yoshioka (吉岡太郎),Japan,1137
Xin Luo (罗鑫),China,1136
Raymond Castillo,USA,1136
Trang Bảo Minh,Vietnam,1136
Josephine Siburian,Australia,1136
Kieran Dizon,USA,1136
Richard Jay S. Apagar,Philippines,1135
Sebastian Outh-Aut,Australia,1135
Birk Joench-Clausen,Denmark,1134
Heidi Chan,USA,1134
Sirun Wu (吴思润),China,1134
Jonathan Blöcher,Germany,1134
Maksym Yeli (Максим Єлі),Ukraine,1134
Piero Alessandro Laguna Obregón,Peru,1133
Stephen Waller,United Kingdom,1133
Chan Hui Tung (陳許瞳),Hong Kong,1133
Herman Westerlund Kalland,Norway,1133
Kennan LeJeune,USA,1133
Brian Allen,Australia,1132
Antoine Cantin,Canada,1132
Oliver Wright,Australia,1132
Carter Kucala,USA,1132
Toby Coote,Australia,1132
Phillip Lewicki,USA,1131
Deniz Atak,USA,1131
Bhargav Narasimhan,India,1131
Sean Hartman,USA,1131
Alvaro Haidar Ersha,Indonesia,1130
Artur Rzegost,Poland,1130
Calven Lipec,Australia,1130
Viktor Kalmar,Austria,1129
Naglis Peciulis,Lithuania,1129
Thomas Bevan,United Kingdom,1129
Robert Alden,United Kingdom,1129
José Leonardo Chaparro Prieto,Colombia,1129
Arifumi Fushimi (伏見有史),Japan,1129
Xingyu Chen (陈星宇),China,1129
Diego Alfonso,France,1128
Samuel Simko,Slovakia,1128
Hau-Yu Huang (黃浩宇),Taiwan,1128
Ng Jia Quan (黄佳铨),Malaysia,1128
Melvin Tan,Australia,1128
Zaiyang Zhang (张在旸),China,1128
Zhengwu Piao (朴正武),China,1127
Jakub Grzybowski,Poland,1127
Zhichun Li (李志纯),China,1127
Terence Wang,Australia,1127
Anthony Lafourcade,France,1126
Pinda Qian (钱品达),China,1126
Rituraj Sohoni,India,1126
Amy Smith,Australia,1126
Mulun Yin (阴目仑),China,1125
Thomas Smith,Australia,1125
Nikhil Soares,India,1125
Vicenzo Guerino Cecchini,Brazil,1125
Will Callan,USA,1125
Krish Shah-Nathwani,USA,1124
Wade Hawkins,USA,1124
Tristan Jansen,Netherlands,1123
Bautista Bonazzola,Argentina,1122
Matthew Yang,New Zealand,1122
Jaden Burkhardt,USA,1122
Yannick Richter,Germany,1122
Enoch Hong Bo Chong,Australia,1122
Léo Bailly,France,1122
Viljo Elo,Finland,1122
Yuxuan Wu (吴雨轩),China,1122
Oliver Jenks,New Zealand,1121
Wayne Pi,Taiwan,1121
Muhammad Saleh Imtiaz,Pakistan,1120
Trần Đình Anh,Vietnam,1120
Giovanni Contardi,Italy,1120
Brian Nguyen,Australia,1120
Danny SungIn Park,Korea,1120
Jack Bellomy,USA,1119
Narhean Ravichandira,Australia,1119
Jiale Xu (徐嘉乐),China,1119
Michał Mlostek,Poland,1118
Aleksander Kołodziński,Poland,1118
Tom Stanton-Barnett,New Zealand,1118
Sei Sugama (洲鎌星),Japan,1118
Vyacheslav Kochergin (Вячеслав Кочергин),Russia,1118
Thomas Sonnenberg Jarner,Denmark,1118
Katie Davies,United Kingdom,1118
Varun Mohanraj,USA,1117
Benjamin Pugh,USA,1117
Lir Ukaj,France,1117
Tanay Singh,Australia,1117
Dilan Anand,Australia,1116
Xuming Wang (王旭明),China,1116
Alex Maass,USA,1116
Izan Cantero Herrera,Spain,1116
Alan Zhao,Australia,1116
Cheng-Ying Lee (李承穎),Taiwan,1116
Michael Bratko,Russia,1116
Leo Hock-Morris,Australia,1116
Yingjian Gong (龚英健),China,1116
Jose Ortiz Jr.,USA,1116
Mannessah Kani,Australia,1115
Hunor Mogyorósi,Hungary,1115
Szymon Brzana,Poland,1115
Grigoriy Barashkin,Russia,1115
Ryan Wu,Canada,1115
Yonghua Xie (解永华),China,1115
Rilang Cao (曹日朗),China,1114
Zaky Kurnia Falah,Indonesia,1114
Darcy Andrikonis,Australia,1114
Addison Dean,USA,1114
David Nguyen,USA,1114
Pedro Giuseppe Garcia Milla,Peru,1113
Timur Frolov,Russia,1113
Mingshuo Zhao (赵铭硕),Australia,1112
Jack Maddigan,New Zealand,1112
Divnoor Bajwa,Australia,1112
Jaxon Foster,Australia,1111
Asato Irifune (入船朝斗),Japan,1111
Hsiang-Kuang Zhuang (莊翔光),Taiwan,1111
Valentin Hoffmann,France,1110
Meng-Yi Li (李孟一),Taiwan,1110
David Matoušek,Czech Republic,1110
Farid Mikhailov,Kazakhstan,1110
Antonio Gabriel Freitas da Silva,Brazil,1109
Shaun Mack,USA,1109
Sebastian Cardona,Colombia,1108
Kyle Van Straaten,Canada,1108
Akito Nipatcharoen,Australia,1108
Oleksandr Pryimakov (Олександр Приймаков),Ukraine,1108
Louis Meunier,USA,1108
Daniel Sheppard,United Kingdom,1108
Henry Lichner,USA,1107
Elijah Brown,USA,1107
Graham Lively,USA,1107
Phạm Đức Phước,Vietnam,1107
Cian-Jyun Yang (楊謙君),Taiwan,1107
Mika Luke Völkel,Germany,1107
Ganghui Lin (林刚辉),China,1106
Dash Cannon,Australia,1106
Fred Lang,United Kingdom,1106
Magnus Lensch,Germany,1106
Bhavya Goyal,India,1105
Kyeongmin Choi,Korea,1105
Tommas Austin-Milne,Australia,1105
Dominik Górny,Poland,1105
Christian Manuel de Lange,New Zealand,1105
Aleksandr Nedelko,Russia,1104
Itthikorn Jittaveeroj (อิทธิกร จิตทวีโรจน์),Thailand,1104
Will Hamilton,USA,1104
Ashley Foster,New Zealand,1104
Jack Cai,Australia,1103
Tanzer Balimtas,USA,1103
Zian Song (宋子安),China,1103
Tanish Saxena,India,1103
Yun-Rui Chiang (江昀叡),Taiwan,1102
Vladislav Kaminskiy,Belarus,1102
Wei Hong (洪伟),China,1102
Zachary Ochs,USA,1102
Ava Felsenfeld,USA,1102
Alaik Bhatia,India,1102
Alix Jack,France,1102
Piotr Kogut,Poland,1102
Mauro Moises López,Spain,1101
Parker Trager,USA,1101
Leon Marcell Alamanda,Indonesia,1101
Ethan Jan,USA,1101
Tobiasz Rychlik,Poland,1101
Haoze Liu (刘浩泽),China,1100
Owen Fuge,Australia,1100
Nate Mochrie,New Zealand,1100
Lauren Phung,USA,1100
Jack Larsson Backsell,Sweden,1100
Sven Vaillant-Jørgensen,Denmark,1099
Joonas Silvennoinen,Finland,1099
Filip Nilsen,Norway,1099
Xujia Lei (雷旭嘉),China,1099
Xander McSherry,Australia,1099
Ahmet Çınar Ablak,Turkey,1098
Kai Su (苏锴),China,1098
Yunke Zhang (张云柯),China,1098
Reagan Li,Canada,1098
Maksym Zharov (Максим Жаров),Ukraine,1098
Leon Tran,Australia,1098
Benjamin Shurmer,Australia,1098
Luke Griesser,USA,1097
Chung-Han Hsu (許鍾瀚),Taiwan,1097
Yun-Rong Chiang (江昀容),Taiwan,1097
Kymberlyn Calderon,USA,1097
Cormac Farrell,United Kingdom,1097
Brennen Lin,Canada,1097
Tyler Robinson,USA,1097
Bence Barát,Hungary,1097
Yifan Luo (骆奕帆),China,1096
Jacob Bonasera,Australia,1096
Oliver Castledine,United Kingdom,1096
Haibo Sui (隋海波),China,1096
Azhar Virani,USA,1095
Kerry Creech,USA,1095
Gábor Slezák,Hungary,1094
Jack Love,Australia,1094
James Lam,Australia,1094
Joel Ulin,Sweden,1094
Xulang Li (黎旭朗),China,1094
Finn Trass,New Zealand,1094
Chance J. Lockwood,USA,1094
Kacper Gałczyk,Poland,1094
Andrii Vasyliev (Андрій Васильєв),Ukraine,1093
Justin Chang,China,1093
Om Joshi,USA,1093
Leo Lindqvist,Sweden,1093
Daniel Chen,Australia,1093
Haichuan Du (杜海川),China,1093
Kent Thomson,Australia,1093
Dawid Wójcik,Poland,1093
Yu-Chine Lin (林佑謙),Taiwan,1093
Jonas Pilhöfer,Germany,1092
Sam van Vliet,Australia,1092
Wilhelm Kilders,Germany,1092
Sandy Aaron Jones,France,1092
Jeff Park,USA,1092
Dmitry Gundin,Russia,1091
Jack Pfeifer,USA,1091
Elian Beguec,France,1091
Dylan Baumbach,USA,1091
Anish Rajesh,India,1091
Kristóf Veres,Hungary,1090
Oliver Hoy,Australia,1090
Jinseo Hong,Korea,1090
Rafael I. Tembo,Australia,1090
Ernest Eh Zhong Yu,Malaysia,1090
Daniel Greigg,USA,1090
Ramses Amaya,Colombia,1089
Angeline Wijaya (黃千儀),Indonesia,1089
Caio Hideaki Sato,Brazil,1089
Adam Walker,USA,1089
Luca Brasini,Italy,1088
Oliver Drew,Australia,1088
Dmitry Dergunov,Russia,1088
Mitchell William Su,New Zealand,1088
Joaquin Abarca,Canada,1088
Leeah Gard-Spaulding,Australia,1088
Zhaoyu Tang,New Zealand,1088
Tao Wen (温韬),China,1088
Dominic Lumsden,United Kingdom,1087
Zhitian Chen (陈知湉),China,1087
Junze Zhao (赵俊泽),China,1087
Simon Kellum,USA,1087
Taosif Amin Sahil,Bangladesh,1087
Brian Law,USA,1087
Xinhe Liu (刘心赫),China,1087
Vojtěch Kundera,Czech Republic,1087
Rowe Hessler,USA,1086
Lukas Noel,Sweden,1086
Kunal Oak,India,1086
Carlos Quispe Cantorin,Peru,1086
Kacper Dłubała,Poland,1085
Cenan Kanik,Switzerland,1085
Đặng Trần Diễn,Vietnam,1085
Kai Roff,United Kingdom,1085
Ian Dutt,USA,1085
Simone Cantarelli,Italy,1085
Karina Grandjean Beck,Denmark,1085
Milhouse Gibbons-Paul,United Kingdom,1085
Daniel McDonald,Australia,1085
Eli Parker,USA,1085
Shao-Yu Hu (胡紹宇),Taiwan,1085
Adam Łyskawa,Poland,1085
Liam Canty,Australia,1084
Carlos Méndez García-Barroso,Spain,1084
Iuri Grangeiro Carvalho,Brazil,1084
Remo Pihel,Estonia,1083
Darren Johan,Indonesia,1083
Jimmy Tran,USA,1083
Alvar Nylén,Sweden,1082
Ilya Nazarov,Russia,1082
Amey Gaba,India,1082
Vladyslav Zhydkov (Владислав Жидков),Ukraine,1082
Luke Robles,USA,1082
Vincent Chen,USA,1082
Brendan Chin,Australia,1082
Yunrui Peng (彭云瑞),China,1082
Bryce Ballam,Australia,1081
Ulrik Bredland,Norway,1081
Victor Wijsman,France,1081
Mahith Bandi,USA,1081
Simiao Huang (黄思淼),China,1081
Joshua Feran,USA,1080
Qiyu Zhang (张淇隩),China,1080
Haluk Ulkusal,Romania,1080
Gustav Wälivaara,Sweden,1080
Shao-Heng Hung (洪紹恆),Taiwan,1080
Rifa Octavian Himawan,Indonesia,1080
Timothy Castle,USA,1080
Ethan Rusnak,Canada,1080
Vijay Kishore,India,1080
Oliver Nguyen,Australia,1080
Jefferson Antonio Morales Cruz,Guatemala,1079
Mateusz Bednarczyk,Poland,1079
Aaron Ravi,United Kingdom,1079
Cristian Hoang,Australia,1079
Aleksander Arefiew,Poland,1078
Tomoya Iida (飯田朋也),Japan,1078
Adam Polkowski,Poland,1078
Luke Van Laningham,USA,1078
Jerzy Chmiel,Poland,1078
Ivan Li Ka Leong (李嘉亮),Hong Kong,1077
Zerong Zheng (郑泽荣),China,1077
Matthew Karl Reyes,Australia,1077
Firmin Brault,France,1077
Yunzhinan Cai (彩云之楠),China,1077
Zixi Yan (严子希),China,1076
Riley Norrid,USA,1076
Wilbur Phillips,Australia,1076
Leo Blyberg,Sweden,1076
Shantanu Awale,India,1076
Zack Hall,Australia,1076
Alan Ma,Australia,1076
Akhil Sankar,USA,1076
Wei-Ming Zeng (曾唯銘),Taiwan,1076
Zeren Lei (雷泽人),China,1076
Lin Chen (陈霖),China,1075
Kevin Coulter,USA,1075
Róbert Maróti,Hungary,1075
Christopher Lai,USA,1075
Mark Cheung,United Kingdom,1075
Skanda Rajasingam,Australia,1075
Vladimir Tikhonenko (Владимир Тихоненко),Russia,1074
Zachary White,USA,1074
Mattheo de Wit,Netherlands,1074
Mantas Urbanavičius,Lithuania,1074
Daniel Yakhkind,Israel,1074
Igor Tarasov (Ігор Тарасов),Ukraine,1074
Andrew Moy,USA,1074
Sky Guo (郭建欣),Hong Kong,1074
Benjamin Riske,Australia,1073
Tom Savage,United Kingdom,1073
Patrick Fischer,USA,1073
Piotr Tokarski,Poland,1073
Zixuan Xu (徐子轩),China,1073
Andy Denney,USA,1072
Daniel Sartori,Italy,1072
Robert Antal,Netherlands,1072
Jiacheng Cai (蔡嘉成),China,1072
Jules Desjardin,France,1072
Qingze Li (李庆泽),China,1072
Mikołaj Salamon,Poland,1072
Maxime Madrzyk,France,1072
Yu Cen (岑昱),China,1072
Jaakko Nikula,Finland,1072
Oscar Nieto,Colombia,1072
Jensen Belen-Brown,Canada,1072
Christopher Lau,United Kingdom,1072
Jun-Po Ni (倪君寶),Taiwan,1071
Yu Sajima (佐島優),Japan,1071
Adam Jagła,Poland,1071
Nikita Sviridov (Никита Свиридов),Russia,1070
Bo Wang (王擘),China,1070
Viswajiit Murugabharathy,Australia,1070
Oscar Roth Andersen,Denmark,1070
Jiaming Zhang (张嘉铭),China,1070
Ari Randers-Pehrson,USA,1070
Jonathan Esparaz,Canada,1070
John Bacouël,France,1069
Jialong Liu (刘嘉龙),China,1069
Guillaume David,Belgium,1069
Aryan Chhabra,India,1069
Joel Lundström,Sweden,1068
Eeshan Zele,India,1068
Patrick Quach,Australia,1068
Christian Smedegaard,Denmark,1068
Tim Wong,USA,1068
Nolan Wood,USA,1067
Hoàng Hà Thủy Tiên,Vietnam,1067
Platon Dranchuk (Платон Дранчук),Belarus,1067
Yen-Pin Xiao (蕭彥平),Taiwan,1067
Kirt Protacio,Australia,1067
Nikita Starodubov,Belarus,1067
Zixuan Liu (刘子瑄),China,1067
Tommaso Raposio,Italy,1066
Pavel Galaktionov,Russia,1066
Andrew Bae,USA,1066
Tolga Kaan Kantarcı,Turkey,1066
Kevin Reyes-Velazquez,USA,1065
Gael Augusto Lapeyre,Argentina,1065
Beren Fontana,Australia,1065
Edward Lin,USA,1065
Wong Chong Wen (黄崇文),Singapore,1065
YuTan Pan,China,1065
Wei Luo (罗巍),China,1065
Yilin Zhao (赵奕麟),China,1065
Zac Graham,Australia,1065
Edric Sachio,Indonesia,1065
Sho Ogata (緒方昭),Japan,1065
Yubo Ji (纪宇博),China,1065
Semen Artyukhov,Russia,1064
Edward Vakula,USA,1064
Mikhail Kopylov (Михаил Копылов),Russia,1064
Malte Ihlefeld,Germany,1064
Andrey Kolevatykh (Андрей Колеватых),Russia,1064
Cory Yurkovic,USA,1064
Charley Abcouwer,Netherlands,1064
Manuel Popayán,Colombia,1064
Cameron Jones,United Kingdom,1063
Adam Pietrzak,Poland,1063
Xi Zhang (张希),China,1063
Tomasz Cepil,Poland,1063
Glib Vedmid,Ukraine,1063
Alexey Tsvetkov,Russia,1063
Tzu-Ang Wang (王子昂),Taiwan,1063
Jonah Crosby,USA,1063
Tejas Narayan,Australia,1063
Jacob Joshi,Australia,1062
Đỗ Quang Hưng,Vietnam,1062
Alex Tedeschi,Australia,1062
Juan Camilo Rodríguez Pérez,Colombia,1062
Angela Braganza,New Zealand,1062
Lachlan Cooke,Australia,1062
Aarav Gandhi,India,1061
Alex James,Australia,1061
Joshua Walsh,Australia,1061
Lianpeng Chen (陈联鹏),China,1061
Steven Kearns,United Kingdom,1061
Simon Nilsson,Sweden,1060
Diego Fraile,France,1060
Hubert Kwasigroch,Poland,1060
Arnav Arora,India,1060
Joseph Williams,United Kingdom,1060
Benjamin Gottschalk,USA,1060
Weijie Jian (简维杰),China,1060
Niklas Thomßen,Germany,1059
Nithin Babu,India,1059
Alexander Ermakov,Russia,1059
Takuya Kurokawa (黒河拓也),Japan,1059
Clément Burgevin,France,1059
Benjamin Christie,USA,1059
William Greninger,USA,1059
Pau Vela García,Spain,1059
Walker Welch,USA,1058
Samuel Cunanan,Australia,1058
Ming Dao Ting,Australia,1058
Wesley Allen,Australia,1058
Alan Kuo (郭建廷),Taiwan,1058
Yuan-Jyun Shih (施元鈞),Taiwan,1058
Thada Phuenghua (ธาดา พึ่งฮั้ว),Thailand,1058
Jordan Harvey,New Zealand,1058
Ruben Fino,Australia,1058
Cyrus Wong Yuk Chi (黃昱誌),Hong Kong,1058
Pavel Mesyatsev,Russia,1058
Max Siauw,USA,1058
Margot Audero,USA,1058
Sean Cutshaw,USA,1057
Gefeng Guo (郭革锋),China,1057
Takumi Yoshida (吉田拓海),Japan,1057
Pao-Chi Tseng (曾保齊),Taiwan,1057
Guanbo Wang (王冠博),China,1057
Justin Barker,USA,1057
Oscar Wong Jing Yee (王敬宇),Malaysia,1057
Gianfranco Camones Caycho,Peru,1057
Wiktor Zegadło,Poland,1057
Jeff Miao,China,1057
Elyas Eyou,New Zealand,1057
Derek White,USA,1056
Maxim Ilin,Russia,1056
Cameron Stollery,Australia,1056
Caleb Raphael,USA,1056
Yu Jin (金煜),China,1056
Bo Yu (庾博),China,1055
Elijah Franklin,USA,1055
Tobias Thompson,Denmark,1055
Chen Ching Cheung (陳政璋),Hong Kong,1055
Herbert Kunc,Czech Republic,1055
Stian Nystad Østli,Norway,1055
Yusef Krayem,Australia,1055
Elias Fischer,Germany,1055
Leonardo José Hilario Cori,Peru,1054
Alvin Yang,China,1054
Arnau Tous Mateu,Spain,1054
Guozheng Xu (徐国正),China,1054
Chilin Fang (方炽霖),China,1054
Kui-En Chiu (邱奎恩),Taiwan,1054
Cade Beck,USA,1054
Owen Widdis,USA,1054
Seungwon Yun,Australia,1054
José Eduardo Palacios Castro,El Salvador,1054
Michał Halczuk,Poland,1054
Jin Gabriel Limpin,Australia,1054
Dev McElroy,USA,1054
Matthew Flay,Australia,1053
Rasmus Andersson,Sweden,1053
Christopher Olson,USA,1053
Lim Hung (林弘),Malaysia,1053
Roger Lightbody III,USA,1053
Shane Grogan,USA,1053
Samuel Talacko,Czech Republic,1053
Arthur Garcin,France,1053
Muhammad Razin Bin Roslan,Malaysia,1053
Benjamin Warry,Australia,1053
Mohammed Aiman Koli,India,1052
Theo Hall,United Kingdom,1052
Lee Stanton-Barnett,New Zealand,1052
Nicolas Køster Christensen,Denmark,1052
Sameer Sethuram,USA,1052
Damian Wilding,USA,1052
Chenge Liu (刘晨舸),China,1052
Junxi Jian (简隽希),China,1052
Zixuan Yuan (袁子轩),China,1052
Remi Petit,Australia,1052
Chuhao Guo (郭楚昊),China,1051
Linus Buck,Germany,1051
Naufal Shidqi,Indonesia,1051
Darya Belonogova,Russia,1051
Szymon Jeziorski,Poland,1050
Matthew Lee,Canada,1050
Pavlo Bondar (Павло Бондар),Ukraine,1050
Grant Lian,China,1050
Vincent Chan,Netherlands,1050
Isabella Corona,USA,1050
Aleksandr Beznogov,Russia,1050
Calix Tang,USA,1050
Yinqin Li (李尹钦),China,1050
Yuchang Sun (孙雨畅),China,1049
Jonas Fong,Australia,1049
Davide Camilleri,Italy,1049
Yung-Hung Cheng (鄭永鴻),Taiwan,1049
Jonathan Pang,Australia,1049
William Herring,Australia,1049
George Pelham,Australia,1049
Haoze Li (李昊泽),China,1049
Alexey Zharikov,Russia,1049
Luke Seah,Australia,1049
Vadzim Smirnou,Belarus,1049
Hayden Ng,Australia,1048
Ying Lin (林颖),China,1048
Marcus Siu,United Kingdom,1048
Nikolay Masson (Николай Массон),Russia,1048
Huining Huang (黄徽宁),China,1048
Victor Chenu,France,1048
Mikus Lembergs,Latvia,1048
Futian Tan (谈符天),China,1048
Yanrui Wen (温彦睿),China,1048
Ömer Çetinkaya,Turkey,1048
Ivo Stoutjesdijk,Netherlands,1047
Michał Pleskowicz,Poland,1047
Christian de Sena Fortunato,Brazil,1047
Fredrik Trondhjem,Denmark,1047
Ibrahim Khanani,USA,1047
Phan Trọng Nghĩa,Vietnam,1046
Beiyu Xu (胥倍玉),China,1046
Noah Swor,USA,1046
Jiaming Bob Yi,Canada,1046
Maciej Hebel,Poland,1046
Stephen Viray,USA,1046
Nitin Nathan,USA,1046
Nicola Forlai,Italy,1046
James Molloy,United Kingdom,1046
Aamir Saifee,India,1046
Dylan Pollard,USA,1045
Callum Prowse,New Zealand,1045
Oliwier Tkaczyk,Poland,1045
Chih-Chuan Yang (楊智全),Taiwan,1045
Noriyuki Okada (岡田典之),Japan,1045
Chia-Jui Lin (林家睿),Taiwan,1045
Kevin Costello III,USA,1045
Caleb Hall,New Zealand,1045
Bofan Zhang (张博藩),China,1045
Yuchen Wang (王雨辰),China,1045
Jacobo Alvarez,Colombia,1044
Darren Siew Ee Yaang (蕭奕暘),Malaysia,1044
Ethan Erez,Canada,1044
Qingxin Lin (林庆鑫),China,1044
Aniket Das,India,1044
Tianhao Mo (莫天皓),China,1044
Tor Torstensson,Sweden,1044
Zekun Huang (黄泽坤),China,1043
Weiting Lian (练蔚霆),China,1043
Duoling Xia (夏铎灵),China,1043
Theo Iván Goluboff,Argentina,1043
Hyeon Kyo Kyoung,Korea,1043
Jingyang Zhang (张敬阳),China,1043
Daniel Mullen,USA,1043
Jack Hitchman,Australia,1043
Harry Taylor,United Kingdom,1043
Rodrigo Cabezas,Chile,1043
Thomas Tinlin,Australia,1043
James MacDonald,Australia,1043
Trenton Nelson,USA,1043
Volodymyr Hnidko (Володимир Гнідко),Ukraine,1043
Karol Przewięźlikowski,Poland,1042
Andres Flügel,Germany,1042
Tom Richards,Australia,1042
Iurii Chesnokov (Юрий Чесноков),Russia,1042
Hadyan Jade Santosa,Indonesia,1042
Quentin Bourgeois,France,1042
Makoto Takaoka (高岡誠),Japan,1042
Gerard McAteer,Ireland,1042
Lauri Korhonen,Finland,1041
Davron Takhirov,Uzbekistan,1041
Joe Davis,Australia,1041
Hans Lin,Australia,1041
Gabriel Santiago Velez Gonzalez,Colombia,1041
Yingtong Huang (黄颖彤),China,1041
Michele Cavezza,Canada,1041
Hongbo Cui (崔鈜博),China,1041
Timur Imanov,Russia,1041
Fanny Pousset,France,1041
Tom Noble,Australia,1041
Zeyi Zhao (赵则熠),China,1041
Kai-Lun Cheng (鄭凱倫),Taiwan,1041
Jose Antonio Cuipal Maguiña,Peru,1041
Austin Chuong,Canada,1041
Ernesto Gutiérrez Cuba,Peru,1041
Chun-Yu Yang (楊竣宇),Taiwan,1041
Michael Tripodi,Australia,1040
Xinyun Chen (陈新运),China,1040
Jay Dhiru,United Kingdom,1040
