name,country,333oh
Knut Skaug Haraldsen,Norway,1304
Tymon Kolasiński,Poland,1288
Martin Vædele Egdal,Denmark,1256
Zayn Khanani,USA,1245
Magdalena Pabisz,Poland,1242
Karol Zakrzewski,Poland,1240
Feliks Zemdegs,Australia,1236
Max Park,USA,1224
Dwyane Ramos,New Zealand,1212
Jakob Gunnarsson,Sweden,1212
Ruihang Xu (许瑞航),China,1211
Andrey Che,Russia,1208
Hubert Badocha,Poland,1202
Juliette Sébastien,France,1200
Ciarán Beahan,Ireland,1194
Simon Kalhofer,Germany,1181
Daniel Wallin,Sweden,1178
Yibo Wang (王奕博),China,1178
Łukasz Burliga,Poland,1171
Luke Garrett,USA,1170
Jode Brewster,Australia,1161
Riley Dexter,Australia,1154
Dmitry Dergunov,Russia,1153
Joshua Hounslow,Australia,1152
William Jensen,Sweden,1149
Przemysław Kaleta,Poland,1147
Rasmus Stub Detlefsen,Denmark,1145
Patrick Ponce,USA,1143
Bartosz Karpiński,Poland,1141
Bryan Eng,Australia,1135
Jiazhou Li (李佳洲),China,1135
Kai-Wen Wang (王楷文),Taiwan,1134
Nicolas Gertner,France,1133
Brian Johnson,USA,1132
Henri Gerber,Germany,1131
Marquez Phan,Australia,1130
Nguyễn Khang Minh,Vietnam,1129
Daniel Vædele Egdal,Denmark,1126
Amos Nordman,Finland,1125
Alexander Tosting,Sweden,1123
Vincent Wong,Australia,1117
Eli Parker,USA,1115
Luke Tycksen,USA,1112
Marco Vorländer,Germany,1110
Phoenix Patterson,Australia,1109
Andrew Bae,USA,1106
Dmitry Dobrjakov,Russia,1106
Yiqun Lin (林逸群),China,1103
Michał Marszałek,Poland,1102
Alexander Bashutkin,Russia,1102
Joseph Briggs,United Kingdom,1101
Lachlan Stephens,Australia,1100
He-Ping Zheng (鄭和平),Taiwan,1099
Juan David Carmona Vásquez,Colombia,1099
George Scholey,United Kingdom,1097
Jack Larsson Backsell,Sweden,1095
Carter Kucala,USA,1095
Jayden McNeill,Australia,1095
Mathias Søndergaard Byrne,Denmark,1093
Sora Sato,Australia,1092
Jack Cai,Australia,1091
Max Siauw,USA,1091
Zhiyuan Ma (马之元),China,1090
Lei Liu (刘磊),China,1090
Linus Laurén,Finland,1088
Rhys Lloyd,Australia,1087
Qingze Li (李庆泽),China,1086
Lorenzo Mauro,Italy,1084
Kim Roger Høyland Larsen,Norway,1083
Daniel Gutierrez,USA,1082
Aniket Das,India,1082
Xingkai Yin (尹星凯),China,1082
Jack Mennie,Australia,1081
Antonie Paterakis,Greece,1080
Ben Kirby,New Zealand,1079
Justin Mallari,USA,1079
Igor Ośmiałowski,Poland,1079
Artem Ganzha,Russia,1078
Ying Lin (林颖),China,1078
Tommy Cherry,USA,1077
Paul Pleis,France,1076
Magnus Lensch,Germany,1074
Weilong Luo (罗伟龙),China,1074
Zhouheng Sun (孙舟横),China,1073
Alix Jack,France,1073
Emilio Matanguihan,Australia,1072
Andy Gong,Australia,1072
Anders Berggren,Sweden,1072
Bautista Bonazzola,Argentina,1071
Magnus Søndergaard Byrne,Denmark,1071
Tao Wen (温韬),China,1070
Twan Dullemond,Netherlands,1069
Jr-Wei Jang (張智瑋),Taiwan,1069
Lance Aguilar,Australia,1067
Keaton Ellis,USA,1067
Hugo Spitz,France,1066
Tianhao Mo (莫天皓),China,1064
Oliver Jenks,New Zealand,1064
Jeann Valdez,Australia,1064
Louis de Mendonça,United Kingdom,1064
Szymon Malinowski,Poland,1063
Jakub Hamkało,Poland,1063
Lev Golub (Лев Голуб),Ukraine,1063
Simiao Huang (黄思淼),China,1062
Chris Mills,United Kingdom,1061
Lucas Déglise,France,1061
Philipp Weyer,Germany,1060
Adam Marcellus Kelly,USA,1060
Wilhelm Kilders,Germany,1060
Harrison Marsden,New Zealand,1060
Adam Łyskawa,Poland,1059
Michael Andres Castillo Lemus,Colombia,1058
Tolga Kaan Kantarcı,Turkey,1057
Calvin Nielson,USA,1056
Iuri Grangeiro Carvalho,Brazil,1056
Yusheng Du (杜宇生),China,1056
Tee Kai Yang,Malaysia,1056
Kristóf Veres,Hungary,1055
Clément Cherblanc,France,1055
Mingzhe Li (李明哲),China,1054
Bartłomiej Owczarek,Poland,1054
Brody Lassner,USA,1053
Ruohan Qiu (邱若寒),China,1052
Ray Bai,USA,1052
Shih-Hao Wang (王士豪),Taiwan,1051
Jacob Turrubiartes,USA,1050
Jiayu Wang (王佳宇),China,1049
Francisco Hamlin,Argentina,1049
Jonathan Charlesworth,Australia,1049
Ulrik Bredland,Norway,1048
Jeff Miao,China,1048
Alexander Tolstov (Александр Толстов),Russia,1047
Lucas O'Connell,New Zealand,1046
János Bereczki,Romania,1045
Robert Yau,United Kingdom,1045
Dante Wallin Arvidsson,Sweden,1045
Hassan Khanani,USA,1045
Samir Homsi,Turkey,1044
Nicholas Paul,Australia,1044
Yu Tang (唐语),China,1044
Taine Cassar,Australia,1044
Paul Mahvi,USA,1044
Christopher Yen,USA,1043
Junqi Feng (冯骏骐),China,1043
Pavel Galaktionov,Russia,1042
Ryan Wu,Canada,1041
Kevin Gerhardt,Germany,1041
Vincent Hartanto Utomo,Indonesia,1041
Alexandre Carlier,France,1039
Mika Smulders,Netherlands,1038
Pessi Ansaranta,Finland,1038
Loic Chiang,Singapore,1036
Bill Wang,Canada,1036
Maksym Yeli (Максим Єлі),Ukraine,1035
Bhargav Narasimhan,India,1034
Magnus Patrick Kanstrup,Denmark,1034
Patrick Hetco,Germany,1033
Mateusz Szulik,Poland,1033
Alwin Rölz,Switzerland,1032
Xuechao Zhang (张学超),China,1031
Witold Sołtysik,Poland,1031
David Pearce,Australia,1030
Zhao-Zhe Zhong (鍾肇哲),Taiwan,1030
Shaun Mack,USA,1030
Hannes Müller,Germany,1030
Yifan Yuan (袁逸凡),China,1030
Ilya Nazarov,Russia,1029
Callum Hales-Jepp,United Kingdom,1029
Christian König,Germany,1029
Matthew Lee,Canada,1029
Zeke Mackay,USA,1028
Jack Ryan,USA,1028
Ryan Driscoll,Australia,1028
Kaur Tuule,Estonia,1027
Jacobo Alvarez,Colombia,1026
Kerry Creech,USA,1026
Eduard Esteban García Domínguez,Colombia,1026
Heidi Chan,USA,1026
Alexander Botz,Germany,1025
Wade Hawkins,USA,1025
Weicong Peng (彭伟聪),China,1025
Lazo Jalal,Australia,1024
Daniel Rose-Levine,USA,1024
Ábris Galler,Hungary,1024
Benjamin Warry,Australia,1023
Mats Valk,Netherlands,1023
Muhammad Saleh Imtiaz,Pakistan,1022
Mattia Furlan,Italy,1021
Tommy Kiprillis,Australia,1021
Ping-Yueh Huang (黃品越),Taiwan,1020
Yuhao Deng (邓宇豪),China,1020
Jan Zych,Poland,1020
Myles Jarman,Australia,1020
James Hildreth,USA,1020
Zak Kenny,Australia,1019
Zach Amiridis,Australia,1018
Valerio Locatelli,Italy,1018
Sameer Aggarwal,USA,1018
Eric Zhao,USA,1018
Ainesh Sevellaraja,Malaysia,1017
Viljo Elo,Finland,1017
Sean Belke,USA,1017
Ray Zhang (张灏睿),Australia,1016
Louis-Marie Ratto,France,1015
Darcy Way,Australia,1015
José Leonardo Chaparro Prieto,Colombia,1015
Hussain Iqbal,United Kingdom,1015
Nachuan Sun (孙纳川),China,1014
Fabio Schwandt,United Kingdom,1014
Will Gurnett,Australia,1014
Michał Pleskowicz,Poland,1013
Anthony Lafourcade,France,1013
Sean Hartman,USA,1013
Anatole Volongo,France,1012
Burak Erdil Biçer,Turkey,1012
Edward Rust,Australia,1012
Karina Grandjean Beck,Denmark,1012
Matthew Arca,USA,1011
Dennis Hu,New Zealand,1011
Konstantin Jaehne,Germany,1011
Tommas Austin-Milne,Australia,1010
Tobias Peter,Switzerland,1010
Joaquin Abarca,Canada,1009
Leon Marcell Alamanda,Indonesia,1009
Ethan Cho,USA,1009
Cheng-Ying Lee (李承穎),Taiwan,1008
Ruikang Lu (陆瑞康),China,1008
Zayd Chaudhry,Australia,1008
Will Newhoff,USA,1008
Herman Westerlund Kalland,Norway,1008
Wong Chong Wen (黄崇文),Singapore,1007
Arkadiusz Abramowski,Poland,1007
Xiran Chen (陈袭然),China,1006
Cornelius Dieckmann,Germany,1006
Jonas Pilhöfer,Germany,1006
Ianis Costin Chele,Romania,1006
Harry Savage,United Kingdom,1005
Lennon Hughes,Australia,1005
Luke Burong,Australia,1005
Jerry Yao,USA,1004
Antoine Cantin,Canada,1004
Kyyarkhan Nikolaev,Russia,1004
Sheng Cao (曹晟),China,1003
Ole Meindersma,Netherlands,1003
Chengyang Song (宋成阳),China,1003
Adrien Auvray Matyn,New Zealand,1001
Tu Pham,Vietnam,1001
Izan Cantero Herrera,Spain,1001
Joel Ulin,Sweden,1001
Zaiyang Zhang (张在旸),China,1000
Lin Chen (陈霖),China,999
Cheng-Ru Yang,New Zealand,998
Minhyun Kim (김민현),Korea,998
Nicos Ahlgrimm,Germany,997
Jing Chen (陈憬),China,997
Jonathan Esparaz,Canada,997
Ronald Su Chiang,Australia,996
Kari Hyttinen,Finland,996
Leo Lindqvist,Sweden,996
Quentin Rivault,France,995
Eli Jay,United Kingdom,995
Kian Mansour,Canada,995
Matthew Cook,Australia,995
Andreas Lambropoulos,USA,995
Brendan Bakker,USA,994
Daniel McDonald,Australia,994
Brayden Wroten,USA,993
Danila Rogozhnikov (Данила Рогожников),Russia,993
Kacper Rafalski,Poland,993
Andrew Nathenson,USA,992
Elijah Brown,USA,991
Grigoriy Barashkin,Russia,991
Haodong Cheng (程昊东),China,991
Yunliang Zhang (张赟量),China,991
Yubo Ji (纪宇博),China,991
Chenhao Sun (孙晨皓),China,991
Ethan Pan,New Zealand,990
Daniel Karnaukh,USA,990
Andres Arias Medina,Colombia,989
Sören Jaan Handschuch,Germany,989
Alex Van Vugt,Australia,989
Cameron Miller,USA,988
Tommaso Raposio,Italy,988
William Harris,USA,988
Kai Su (苏锴),China,987
Jakob Schöley,Germany,987
David Epstein,Australia,986
Matty Hiroto Inaba,USA,986
Arifumi Fushimi (伏見有史),Japan,985
Shu-Yii Luo (駱書翊),Taiwan,985
Maheran Chowdhury,Australia,985
Gabriel Santiago Velez Gonzalez,Colombia,984
Tijmen van der Ree,Netherlands,984
Caleb Clark,Australia,984
Michał Rzewuski,Poland,984
Tom Stanton-Barnett,New Zealand,984
Ahmet Çınar Ablak,Turkey,984
Michał Krasowski,Poland,983
Asher Kim-Magierek,USA,983
Sripad Sarma Katrapati,India,983
Kieran Dizon,USA,982
Elian Beguec,France,982
Roan Paone,Canada,982
Michał Mlostek,Poland,982
Jaden Burkhardt,USA,981
Benjamin Gottschalk,USA,980
Diego Alfonso,France,980
Jasper Murray,New Zealand,980
Muhammad Faeyza Koda,Indonesia,980
Yannick Richter,Germany,979
Zhi Li (李志),China,979
Ivan Torgashov (Иван Торгашов),Russia,979
Luke Seah,Australia,979
Daniel Tidsey,United Kingdom,978
Kyson Lovery,Australia,978
Andrii Vasyliev (Андрій Васильєв),Ukraine,977
Michael Alexander,Australia,977
Fangrui Zeng (曾方锐),China,976
Andreas Jensen Forsgren,Norway,976
Gabriel Rejdych,Poland,976
Theo Iván Goluboff,Argentina,976
Samuel Tie,Australia,976
Luca Brasini,Italy,976
Wojciech Barciaga,Poland,976
Kajetan Opach,Poland,975
Jakub Grzybowski,Poland,975
Pranav Gadge,India,975
Sarina Wang,New Zealand,975
Callum McArthur-Mortell,Finland,974
Samuel Simko,Slovakia,974
Marcel Ručigaj,Slovenia,973
David Vujasić,Croatia,973
Maxim Ilin,Russia,973
Zac Graham,Australia,973
Phillip Lewicki,USA,972
Joel Cetra,Germany,972
Juan Camilo Rodríguez Pérez,Colombia,972
Jackson Deng,Australia,972
Zhenyu Wang (王振宇),China,972
Charlie van Ooran,Australia,972
Olivier Vos,Netherlands,971
Sebastiano Tronto,Italy,971
Dash Cannon,Australia,971
Seth Ferry,Australia,970
Sean Moran,United Kingdom,970
Alexis Fedeler,Germany,970
Christian Foyle,Australia,970
Ibrahim Khanani,USA,969
Wilson Alvis (陈智胜),Indonesia,969
Ryan Kindt,USA,969
Dylan Johnston,Australia,969
Nicolas Køster Christensen,Denmark,969
Jiazheng Zhao (赵家正),China,969
Celine Tran,Norway,968
James Quinn,USA,968
Charles Jerome,USA,968
Benjamín Ochoa,Peru,968
Hsiang-Kuang Zhuang (莊翔光),Taiwan,968
Brennen Lin,Canada,967
Leon Tran,Australia,967
Zerong Zheng (郑泽荣),China,966
Yunhui Zhao (赵云晖),China,966
Vladyslav Hryniuk (Владислав Гринюк),Ukraine,965
Ahmad Ayman,Egypt,965
Richard Delacoste,Switzerland,965
Parker Trager,USA,964
Stephen Huan,USA,964
Gunnar Ivarsson,Sweden,964
Mantas Urbanavičius,Lithuania,963
Jukka Geisler,Germany,962
Ulysse Merlin,France,962
Rifa Octavian Himawan,Indonesia,962
Aleksandr Nedelko,Russia,962
Kieran Murphy,Australia,961
Oliver Castledine,United Kingdom,961
Yuan-Jyun Shih (施元鈞),Taiwan,961
Isaac Langer,USA,960
Thomas Sonnenberg Jarner,Denmark,960
Joshua Feran,USA,960
Jose Polorhenzo Aquino,Philippines,960
Kenny Zhong,Canada,960
Yue Shen (申粤),China,960
Antonio Kam Ho Tung (甘浩東),Hong Kong,959
Xiaobin Rui (芮晓彬),China,959
Walker Welch,USA,959
Helmer Ewert,Sweden,959
Will Hamilton,USA,958
Miles Christopher Walcott,USA,958
Cian-Jyun Yang (楊謙君),Taiwan,958
Pengcheng Wang (王鹏程),China,958
Stian Nystad Østli,Norway,958
Chenhao Ma (马晨皓),China,957
Kirill Litvinov,Russia,957
Michał Halczuk,Poland,957
Anthony Qi,Australia,957
Charlie Eggins,Australia,957
Zhaojie Li (李肇杰),China,957
Seung Hyuk Nahm (남승혁),Korea,957
Niclas Mach,Germany,956
Arnav Arora,India,955
Mohammed Aiman Koli,India,955
Justice Callewaert,Belgium,955
Ryland Wilson,USA,955
Jacob Joshi,Australia,954
Jack Pfeifer,USA,953
Tudor Lin,USA,953
Tam Quan,Australia,953
Ujjawal Pabreja,India,953
Firstian Fushada (符逢城),Indonesia,953
Mikus Lembergs,Latvia,953
Jiaming Bob Yi,Canada,952
Ronak Narang,India,952
Stanley Wang,Canada,952
Igor Tarasov (Ігор Тарасов),Ukraine,952
Lukas Shelley,Denmark,951
Ömer Çetinkaya,Turkey,951
Hayden Ng,Australia,951
Michael Young,USA,951
Aleksandr Beznogov,Russia,951
Justin Barker,USA,951
Sebastian Werb,Germany,951
Joonas Silvennoinen,Finland,951
Henry Helmuth,USA,951
Andy Huang,USA,950
Dmitriy Shevchenko,Russia,950
Tiffany Chien,USA,950
Nicholas Daneshvari,USA,950
Noah Swor,USA,950
Addison Dean,USA,950
Yuxuan Song (宋宇轩),China,949
Shao-Yu Hu (胡紹宇),Taiwan,949
An Li (李安),China,949
Jacob Chambers,United Kingdom,948
Erik Kippus,Estonia,948
Oliver Fritz,Germany,948
Ho Hsieh (謝合),Taiwan,947
Nithin Babu,India,947
Dmitry Zvyagintsev,Russia,947
Edward Hollingdale,Australia,947
Jinlin Li (李金琳),China,947
Simon Kellum,USA,946
Oscar Watson,Australia,946
Leo Borromeo,Philippines,946
Frank Nguyen,Australia,946
Mannessah Kani,Australia,946
Lucero Esmeralda Alvarado Ruíz,Mexico,946
Richard Yiheng Tao,New Zealand,945
Taosif Amin Sahil,Bangladesh,945
Cole Campbell,New Zealand,945
Hans Lin,Australia,945
Dmitry Matthew Yaquinto,Russia,945
Junxi Jian (简隽希),China,945
Abdelhak Kaddour,France,945
Phillip Maxwell,Indonesia,944
Joshua Bergstein,Germany,944
Reed Tran,USA,944
Ricardo Zapata Cruz,Venezuela,944
Damián Campos,Argentina,943
Pablo Contreras,France,943
Rafał Waryszak,Poland,942
Noé Bourdon,France,942
Lucas Buckley,Australia,942
Yinming Zhu (朱胤铭),China,941
Semen Artyukhov,Russia,941
Brian Allen,Australia,941
Alessandro Nicolì,Italy,940
Kaijun Lin (林恺俊),China,940
Noah Kraft,Germany,940
Trang Bảo Minh,Vietnam,940
Alan Ma,Australia,940
Rami Sbahi,USA,939
Sam van Vliet,Australia,939
Max Xiong (熊锐明),China,938
Kailong Li (李开隆),China,938
Zijian Cai (蔡子健),China,938
Shijie Peng (彭世杰),China,938
Tyler Howlett,USA,937
Kacper Gałczyk,Poland,937
Remo Pihel,Estonia,937
Luis Kleinheinz,Germany,937
Walter Dominguez Giron,Peru,936
Arisandra Soo,Australia,936
Aryan Chhabra,India,936
Justin John Navarro,Philippines,936
Kunaal Parekh,India,936
Isaac Latta,New Zealand,936
Joey Saia,USA,936
Jonathan Mauroy,Belgium,936
Artur Rzegost,Poland,936
Wojciech Knott,Poland,935
Marcus Kamen,USA,935
Tan Kwan Yang,Malaysia,935
Jin Gabriel Limpin,Australia,935
Yi-Fan Wu (吳亦凡),Taiwan,935
Arush Singh,India,935
Angel Martinez,Peru,935
Mehul Kujur,India,935
Mason Langenderfer,USA,933
Andy Ma,China,933
Bence Barát,Hungary,933
Danny SungIn Park,Korea,933
Trần Đình Anh,Vietnam,933
Theodore Chow,Canada,933
Timothé Ringeard,France,933
Yinghao Zhu (朱英豪),China,932
Mitchell William Su,New Zealand,932
Ivaylo Ivaylov Vichev,Bulgaria,932
Jinseo Hong,Korea,932
Angel Anampa,Peru,932
Matthew Flay,Australia,931
Giovanni Contardi,Italy,931
Nikhil Soares,India,931
Justin Chang,China,931
Graham Lively,USA,931
Sergey Ryabko,Russia,931
Yinghao Wang (王鹰豪),China,931
Nipat Charoenpholphant (นิพัฒน์ เจริญพลพันธุ์),Thailand,931
Noah Stelting,Canada,931
Kanting Shi (史勘霆),China,931
Danil Antoniu (Данил Антониу),Russia,930
Alex Maass,USA,930
Daniil Rublev (Даниил Рублёв),Russia,930
Doyul Kim (김도율),Korea,930
Michael Larsen,USA,930
Jiawei Zhan (詹佳伟),China,929
Pavlo Bondar (Павло Бондар),Ukraine,929
James Molloy,United Kingdom,929
Lauren Phung,USA,929
Isaac Myers,USA,928
Owen Chester,USA,928
Steven Kearns,United Kingdom,928
Jared Balassaitis,USA,927
Marcus Siu,United Kingdom,927
Urho Kinnunen,Finland,927
Owen de Heer,Netherlands,927
Alex James,Australia,926
An Le,USA,926
Adam Walker,USA,926
Aquila Janoschka,Australia,926
Aaron Spiller,Australia,925
Cendy Cahyo Rahmat,Indonesia,925
Wayne Pi,Taiwan,925
Blake Thompson,USA,925
Jonathan Kaliffe,Australia,925
Filip Nilsen,Norway,924
Qinxi Wei (韦钦曦),China,924
Gael Augusto Lapeyre,Argentina,924
Marcus Moberg,Sweden,924
Peter Greninger,USA,924
Niklas Thomßen,Germany,923
Zhiyuan Zhang (张质源),China,923
Mark Pimenov (Марк Пименов),Russia,923
Frederik Hutfleß,Germany,923
Tyler Robinson,USA,923
Christopher Connolly,Canada,923
Elyas Eyou,New Zealand,923
Aneurin Hunt,New Zealand,923
Tyler Williams,Australia,922
Ramses Amaya,Colombia,922
Bartłomiej Krokos,Poland,922
Beom San Kim (김범산),Korea,921
Diego Fraile,France,921
Jihao Huang (黄继豪),China,921
Yutao Xue (薛宇韬),China,921
Maksym Zharov (Максим Жаров),Ukraine,921
Zachary Ochs,USA,920
Mitchell Lane,USA,920
Dylan Miller,USA,920
Przemysław Rogalski,Poland,920
Simon Geertsema,New Zealand,920
Qiyu Zhang (张淇奥),China,920
Zack Hall,Australia,920
Nurmukhammad Karimov,Uzbekistan,919
Camerone Chin,New Zealand,919
Farid Mikhailov,Kazakhstan,919
Sebastian Virág,Canada,918
Richard Jay S. Apagar,Philippines,918
Kyle Santucci,Canada,918
Jeff Oneil Magallanes Agüero,Peru,918
Ethan Davis,USA,918
Braden Richards,USA,917
Jim Zhu,New Zealand,917
Ganghui Lin (林刚辉),China,917
Mark Zimmermann,Germany,917
Nikolai Kuzin,Russia,917
Vladislav Kaminskiy,Belarus,916
Daan Baartmans,Netherlands,916
Tristan Chua Yong,Singapore,916
Naglis Peciulis,Lithuania,916
Enoch Hong Bo Chong,Australia,916
Noah Kim,USA,916
Ilya Sokolov,Russia,915
Brian Nguyen,Australia,915
Viktor Kalmar,Austria,915
Sujai Shakthivel,India,915
Stanley Su,Australia,914
Dániel Varga,Hungary,914
Khayll Paolo Sandukan,Philippines,914
Ming Dao Ting,Australia,914
Timothy Castle,USA,914
Sebastian Weyer,Germany,914
Henry Lichner,USA,913
Thomas Tinlin,Australia,913
Mikhail Kopylov (Михаил Копылов),Russia,913
Carlos Méndez García-Barroso,Spain,913
Zhihai Liu (刘之海),China,913
Xiangrui Deng (邓翔睿),China,913
Sebastian Outh-Aut,Australia,913
John Bacouël,France,913
Calix Tang,USA,913
Andrey Kolevatykh (Андрей Колеватых),Russia,912
Peiyan Li (利沛焰),China,912
Zhangbo Xia (夏章博),China,912
Hua-Ting Lee (李華庭),Taiwan,912
Darren Johan,Indonesia,912
Ivan Polkanov (Иван Полканов),Russia,912
Hiroto Fujita (藤田浩斗),Japan,912
Naufal Aqil Himawan,Indonesia,911
Martin Fronescu,Romania,911
Julian Bürgi,Switzerland,911
Nikolaus Lindinger,Austria,911
Asia Konvittayayotin (เอเชีย กรวิทยโยธิน),Thailand,911
Zibo Xu (徐子博),China,911
Matthew Remington,USA,910
Markus Hirvonen,Australia,910
Luc Harvey,Australia,910
Aarav Warrier,Australia,910
Zejun Chen (陈泽鋆),China,910
Xinyu Li (李欣宇),China,909
Alvaro Haidar Ersha,Indonesia,909
Tianze Xu (徐天泽),China,909
Dominic Lumsden,United Kingdom,909
Maverick Pearson,South Africa,909
Yu Li (李昱),China,909
Caio Hideaki Sato,Brazil,909
Pavel Yushkevich,Belarus,909
Jaemin Chang (장재민),Korea,909
Matthew Lowe,United Kingdom,909
Danil Lemeshev (Данил Лемешев),Russia,908
Trịnh Quang Dũng,Vietnam,908
Peri Le Dain,USA,908
Mattia Galentino,Italy,908
Lance Enzo Yap,Philippines,908
Hargun Singh Tikku,India,908
Jason Ostdiek,USA,907
Matteo Provasi,Italy,907
Mohannad Mahmoud Fathy,Egypt,907
Vladislav Shurshilin,Russia,907
Marek Majerik,Slovakia,907
Martin Brath,Germany,907
Ammar Shahid,India,907
Yihan Chen (陈奕涵),China,906
Dominik Fürer,Switzerland,906
Nicolás Shwkyng Monroy,Colombia,906
Mahith Bandi,USA,906
Alejandro Daniel Salceda Corvera,Mexico,906
Reinier Schippers,Netherlands,906
Paweł Duraj,Poland,905
Jan Bentlage,Germany,905
Patrick Kleverlaan,Australia,905
Chenying Pei (裴琛英),China,905
Cameron Jones,United Kingdom,905
Đặng Trần Diễn,Vietnam,905
Volodymyr Hnidko (Володимир Гнідко),Ukraine,905
Salamon Tűzkő,Hungary,904
Elijah Lim,Australia,904
Raymond Castillo,USA,904
Wong Kin Lok (黃健樂),Hong Kong,904
Cory Yurkovic,USA,904
Sandy Aaron Jones,France,904
Dmitry Gundin,Russia,903
Akito Nipatcharoen,Australia,903
Henrik Buus Aagaard,Denmark,903
Timur Imanov,Russia,903
Pedro Alejandro Condo Tellez,Peru,903
Piti Pichedpan (ปิติ พิเชษฐพันธ์),Thailand,903
Ashley Foster,New Zealand,903
Louis Cormier,Canada,902
Alexander Chieng,Australia,902
Sebastian Pretzsch,Germany,902
Kavin Tangtartharakul,USA,902
Zhaohong Huang (黄兆鸿),China,902
Xulang Li (黎旭朗),China,902
Federico Da Fonseca,Argentina,902
Lir Ukaj,France,902
Szabolcs Szántai,Hungary,901
Joel David Hibbert,Australia,901
Paxton Bennison,Australia,901
Vojtěch Kundera,Czech Republic,901
Pavel Mesyatsev,Russia,900
Heng Wu (吴桁),China,900
Jakub Tkaczyk,Poland,900
Devin Corr-Robinett,USA,900
Edward Lin,USA,900
Micah Wingfield,USA,900
James Donahue,USA,900
Zhuoxi Yin (尹卓曦),China,899
Rui-Jun Liu (劉睿鈞),Taiwan,899
Mark Nie,Canada,899
Dylan Wang,Canada,899
Kevin Min,Korea,899
Henry Savich,USA,899
Yoo-chan Hong (홍유찬),Korea,899
Sébastien Auroux,Germany,898
Ethan Xu,New Zealand,898
Alex Asbery,New Zealand,898
Divnoor Bajwa,Australia,898
Daniel King,USA,897
Isaac Vergara Castillo,Mexico,897
Cheung-Hao Tu,United Kingdom,897
Nikita Malykhin (Никита Малыхин),Russia,897
Reuben Phillips,Australia,896
Mantra Shukla,New Zealand,896
Akash Rupela,India,896
Nguyễn Quốc Nam,Vietnam,896
Jiawei Wu (伍嘉维),China,896
Tomasz Kisała,Poland,896
Erik Shakirov,Russia,896
Pedro Giuseppe Garcia Milla,Peru,896
Vicenzo Guerino Cecchini,Brazil,896
Jules Créteur,France,895
Pierre Meunier,France,895
Anish Rajesh,India,895
Yuhao Sun (孙雨昊),China,895
Asato Irifune (入船朝斗),Japan,895
Jeff Park,USA,895
Jasmine Mapatac,USA,895
Jude Lumley,Australia,895
Einar Kvam Lundberg,Norway,894
Carol Chai,New Zealand,894
Farrah Abdallah,Bangladesh,894
Arinze Owoh,Nigeria,894
William Tao,Australia,894
Ziqi Ding,China,894
Jerry Jiang,New Zealand,894
Yap Jia Yang,Malaysia,894
Maksim Makhmutov,Russia,893
An Hu (胡安),China,893
Erik Akkersdijk,Netherlands,893
Łukasz Dubicki,Poland,893
Brandon Lin,USA,893
Hector David Martinez Argaez,Colombia,893
Zhuoer Zhang (张卓尔),China,893
Gerson Marcelo Nuñez Huanuiri,Peru,893
Arhaan Sareen,Canada,893
Luke Marsh,Australia,893
Will Callan,USA,892
Jun-Po Ni (倪君寶),Taiwan,892
Vishantak Srikrishna,USA,892
Yizhou Wang (王翼洲),China,892
Kunal Oak,India,892
Oscar Wong Jing Yee (王敬宇),Malaysia,892
Zaky Kurnia Falah,Indonesia,891
Aidan Zeng,Australia,891
Luke Robles,USA,891
Gabriel Barrios,Guatemala,891
Daniel Janzon,Sweden,891
Chan Hui Tung (陳許瞳),Hong Kong,891
Manuel Prieto de Antón,Spain,890
Mulun Yin (阴目仑),China,890
Jaeden Inocentes,USA,890
Jihu Mun,USA,890
Ben Kopriva,USA,890
Alan Jia,Canada,890
Valentin Hoffmann,France,890
Yasmin Chan,New Zealand,890
Justin He,Australia,890
Ben Stokes,United Kingdom,890
Bas Verseveldt,Netherlands,890
Ahmed Ghandoor,Egypt,889
Dawid Wójcik,Poland,889
Vladislav Pichugov (Владислав Пичугов),Russia,889
Phil Patrick F. Isidro,Philippines,889
Toby Seufert,Australia,889
David Serban Enescu,Romania,889
Shubham Maharana,India,889
Luis Angel Contreras Ospina,Colombia,889
Alexander Eckinger,USA,889
Elliot Tay,Australia,888
Vladimir Tikhonenko (Владимир Тихоненко),Russia,888
Tongming Shi (石童鸣),China,888
Xander McSherry,Australia,887
Daeshunn Eli Balisi,Philippines,887
Josephine Siburian,Australia,887
Jason White,USA,887
Thomas Smith,Australia,887
Inigo Miguel B. Palisoc,Philippines,887
Jonathan Tilahun,USA,887
Jinge Li (李金戈),China,886
Biel Salmons Gonzalez,Spain,886
Laura Holzhauer,Germany,886
Tanay Singh,Australia,886
Sumanth Chandrupatla,USA,886
Margot Audero,USA,885
Mohamed Elkhatri,Morocco,885
Aarav Gandhi,India,885
Ernesto Gutiérrez Cuba,Peru,885
Mykyta Tytar (Микита Титарь),Ukraine,885
Haochen Mei (梅皓臣),China,885
Jhon Edinson Arias Parra,Colombia,885
Manuel Gutman,Argentina,885
Benjamin Riske,Australia,884
Nitin Subramanian,USA,884
Mikhail Sartakov,Russia,884
Kymberlyn Calderon,USA,884
Maggie Clark,USA,884
Adriano Matoba Lipski,Brazil,884
Ryan Yasinko,Canada,884
Adam Narbutas Jørgensen,Denmark,884
Genjin Xu (许根进),China,883
Eric Pesci,USA,883
Jin-Yu Lin (林進裕),Taiwan,883
Roy Lee,USA,883
Juan Camilo Rueda Moreno,Colombia,883
Maksim Zemtšihhin,Estonia,883
Julian Sico,New Zealand,882
Dale Stephen M. Palmares,Philippines,882
Haibo Sui (隋海波),China,882
Pranav Prabhu,India,882
Wuouran Liu (刘巫偶然),China,882
Anuar Miguel Abib Onofre,Brazil,882
Xiaoke Xu (徐晓珂),China,882
Yu Feng (冯煜),China,881
Jeremy Geels,Netherlands,881
Alexey Zharikov,Russia,881
Conlan Trace,USA,881
Manuel Bühler,Switzerland,881
Omar Ellabban,Canada,881
Baden Forster,Australia,881
Bence Kiácz,Hungary,881
Christopher Olson,USA,881
Ewan Geertson,New Zealand,881
Daniel Mullen,USA,881
Kate Grahame,USA,881
Sean Cutshaw,USA,881
Junlong Li (李俊龙),China,881
Cheng-Wei Lin (林政鍏),Taiwan,881
Eduardo Antonio Lara Martínez,Mexico,880
Lev Aronov,Russia,880
Erkin Can,Turkey,880
Alexander Vujcich,New Zealand,880
Diwen Xu (许帝文),China,880
Chaoyang Wang (王朝阳),China,880
Chenchen Zhao (赵宸宸),China,880
Alex Seidler,USA,880
Tim Xie,New Zealand,880
Luke Heath-Edwards,New Zealand,880
Emil Diring,Germany,879
Canzheng Cao (曹参政),China,879
Marcos Aparicio Caro,Spain,879
Qingxuan Wu (吴青轩),China,879
Yoav Eynon,Australia,879
Ivan Lew Yi Wen (刘义文),Malaysia,879
Kun Er Zhang,New Zealand,879
Heewon Seo,USA,879
Ekaterina Soboleva (Екатерина Соболева),Russia,879
Timur Frolov,Russia,879
Phạm Đức Phước,Vietnam,879
Huixuan Shi (施慧轩),China,879
Slavomil Voloskov (Славомил Волосков),Russia,878
Zhijie He (何智劼),China,878
Gustav Wälivaara,Sweden,878
Weifu Shen (沈为夫),China,878
Andrew Antoine,Egypt,877
Yuki Matsui (松井裕希),Japan,877
Jonas Rongé,Belgium,877
Nguyễn Ngọc Thịnh,Vietnam,877
Annika Stein,Germany,877
Chengming Su (苏成明),China,877
Derek Tat,USA,876
Denis Gromov (Денис Громов),Russia,876
Elvin Thorsen,Sweden,876
Matěj Grohmann,Czech Republic,876
Simon Jansson,Sweden,876
Brandon Lugtu,USA,876
Ryan Pilat,USA,876
Chawin Ratanasiri (ชวิน รัตนสิริ),Thailand,875
Aleksandar Dukleski,North Macedonia,875
Swami Srinivasan,Australia,875
Haichuan Du (杜海川),China,874
Finn van der Maas,Netherlands,874
Alessandro Ricci,Italy,874
Jose Javier Melendez Maldonado,Guatemala,874
Adam Jagła,Poland,874
Sameer Chawla,USA,874
Ömer Faruk Bircan,Turkey,874
Letian Liu (刘乐天),China,874
Jack Love,Australia,874
Longjie Mo (莫龙杰),China,874
Daniel Sheppard,United Kingdom,873
Dhruv Agarwal,India,873
John Gaynor,USA,873
Gaojian Pan (潘高健),China,873
Ng Jia Quan (黄佳铨),Malaysia,873
Guojie Wang (王国杰),China,873
Yusef Krayem,Australia,872
Ataberk Şencan,Turkey,872
Juan Pablo Rodriguez,Colombia,872
Marco Giordano,Italy,872
Joaquin Ruenes Hernández,Mexico,872
Yuhei Takagi (高木佑平),Japan,872
Ray Leung Ka Ho (梁家浩),Hong Kong,872
Edric Sachio,Indonesia,871
Vladyslav Zhydkov (Владислав Жидков),Ukraine,871
Mork Vanna,Cambodia,871
Alexis Rodrigo Cazu Mendoza,Mexico,871
Samuel Garrett,USA,871
Aleksander Vasilyev,Russia,871
Ely Charqueno,USA,871
Stepan Anisimov (Степан Анисимов),Russia,871
Aiden Bartlett,USA,871
Grzegorz Chudzik,Poland,871
Lauri Korhonen,Finland,871
Vladislav Kozhin,Russia,871
Taylor Cookmeyer,USA,871
Michael Bratko,Russia,871
Huang-Bang Fang (房黃邦),Taiwan,870
Jack Stewart,USA,870
Reid James Sungy,USA,870
Ruslan Kazin (Руслан Казин),Kazakhstan,870
Bernard Badu Arkoh,Ghana,870
Zavian Valedon,USA,870
Austin Chuong,Canada,870
Aarin Manik,United Kingdom,870
Fabian Löhle,Switzerland,870
Mikhail Chernobrivets (Михаил Чернобривец),Russia,870
Federico De Paoli,Italy,869
Jack Manuel,Canada,869
Mattheo de Wit,Netherlands,869
Huston Vu-Duc,Russia,869
Robert G. Pearce IV,USA,869
Earl Joven Suyo,Philippines,869
Joe Labas,Australia,868
Piotr Buba,Poland,868
Sam Ellis,Australia,868
Hong Seungbin,Korea,868
Daniel Yakhkind,Israel,868
Yannic Waser,Switzerland,868
Tianwen Liu (刘天文),China,868
Mateusz Bednarczyk,Poland,867
Aiden Dajun Kim,Canada,867
Harald Skinnes Kryvi,Norway,867
Valerii Omelchuk (Валерій Омельчук),Ukraine,867
Jakob Fiechter,Austria,867
Sam Sieracki,Australia,867
Benjamin Paul,Australia,867
Liam Highducheck,Australia,867
Bill Hammill,United Kingdom,867
Victor Colin,France,867
James MacDonald,Australia,867
Noah Aaron Pearson,Australia,866
Joseph Lau,Malaysia,866
Vitaliy Sheshko,Belarus,866
Seb van den Beemt,Netherlands,866
Darya Belonogova,Russia,866
Xinyun Chen (陈新运),China,866
Aamir Saifee,India,866
Haochang Zhang (张皓昶),China,866
Zihan Zhang (张子涵),China,866
Manuel Popayán,Colombia,866
Ziting Li (李紫婷),China,865
Islam Kitiev,Russia,865
Xiang Meng (孟响),China,865
Ben Baron,Israel,864
Tristan Yoo,Korea,864
Jerzy Chmiel,Poland,864
Thomas Kuswadi,Australia,864
Grant Lian,China,864
Johan Mørkbak Bertelsen,Denmark,864
Bhavya Goyal,India,864
Joshua Walsh,Australia,864
Leo Blyberg,Sweden,864
Lim Hung (林弘),Malaysia,864
Gábor Slezák,Hungary,863
Will Hernly,USA,863
Habin Kim (김하빈),Korea,863
Maksymilian Misiak,Poland,863
Aolin Tang (唐奥林),China,863
Erick Tian,Canada,862
Sei Sugama (洲鎌星),Japan,862
Aryan Kejriwal,USA,862
Livia Kleiner,USA,862
Piotr Tokarski,Poland,862
Sebastian Cardona,Colombia,862
Harsha Paladugu,USA,862
Peter Grassard,France,862
Krischal Dhungel,Nepal,861
Linus Buck,Germany,861
Charlie Cannon,Australia,861
Fanny Pousset,France,861
Amina Chebochakova (Амина Чебочакова),Russia,861
Nitin Nathan,USA,861
Vittorio Maria Perucatti,Italy,861
Dana Yi,USA,861
Dmitrii Saukov (Дмитрий Сауков),Russia,860
Harry Taylor,United Kingdom,860
Dylan Swarts,South Africa,860
Marco Yang,Canada,860
Devansh Katyal,India,860
Jason Tan,Indonesia,860
