name,country,clock
Yunhao Lou (娄云皓),China,1226
Wojciech Knott,Poland,1207
Hubert Hanusiak,Poland,1172
Daniel Wallin,Sweden,1139
Mateusz Kotwica,Poland,1116
Liam Wadek,New Zealand,1116
Przemysław Rogalski,Poland,1115
Hubert Firek,Poland,1110
Rasmus Händén,Sweden,1104
Yepeng Sun (孙叶芃),China,1102
Shao-Heng Hung (洪紹恆),Taiwan,1085
Karol Piskorek,Poland,1084
Elvin Thorsen,Sweden,1076
Dongzhe Li (李东哲),China,1075
Nachuan Sun (孙纳川),China,1074
Alex Taylor,New Zealand,1064
Shao-Hua Hu (胡少華),Taiwan,1063
Yueyang Hu (胡越洋),China,1058
Dmitry Gundin,Russia,1055
Siheng Chen (陈思衡),China,1053
Asbjørn Brummer Birkelund,Denmark,1053
Jakob Gunnarsson,Sweden,1050
Magdalena Pabisz,Poland,1047
Wei-Chen Hsieh (謝維宸),Taiwan,1045
Max Siauw,USA,1041
Hanwen Mao (毛翰文),China,1040
Marcel Nycz,Poland,1040
Zhouyao Zhu (朱洲瑶),China,1038
Wojciech Piórczyński,Poland,1034
Kacper Jędrzejuk,Poland,1027
Wei-Yu Zhen (詹惟宇),Taiwan,1027
Samuel Eklund-Hanna,Sweden,1025
Piotr Olszewski,Poland,1023
Ziyue Chen (陈子悦),China,1023
Young He (何嘉炀),China,1023
Joshua Hounslow,Australia,1020
Fyodor Borisov,Russia,1019
Chenwei Li (李琛炜),China,1018
Dawid Wójcik,Poland,1017
Zijia Feng (冯子甲),China,1016
Jakub Górzyński,Poland,1015
Jacob Turrubiartes,USA,1011
Szymon Kasprzycki,Poland,1011
Yingquan Xiang (向英权),China,1011
Jakub Majchrzak,Poland,1008
Shangze Li (李尚泽),China,1008
Chun-Yi Kao (高俊亦),Taiwan,1007
Michał Krasowski,Poland,1005
Luke Heath-Edwards,New Zealand,1004
Kacper Paweł Dworak,Poland,1001
Alexey Tsvetkov,Russia,1000
Matteo Dummar,Italy,1000
Daniel Fraser,New Zealand,1000
Alexis Le Merrer,France,1000
Xinan He (何栖楠),China,996
Jan Bentlage,Germany,996
Andrey Che,Russia,996
Michał Mlostek,Poland,996
Lev Golub (Лев Голуб),Ukraine,995
Lewis Garthwaite,USA,994
Jonathan Charlesworth,Australia,993
Kanting Shi (史勘霆),China,992
Chengyang Du (杜成洋),China,991
Qidong Jiao (焦启东),China,990
Krzysztof Boguszewski,Poland,990
Sirun Wu (吴思润),China,989
Laura Holzhauer,Germany,989
Kerry Creech,USA,989
Nathan Nairn,Australia,987
Yunke Zhang (张云柯),China,987
Zih-Siang Huang (黃子翔),Taiwan,985
Sam Shaw,United Kingdom,984
Jiate Xie (谢佳特),China,984
Yibo Wang (王奕博),China,983
Xianghua Zhao (赵祥华),China,983
Dwyane Ramos,New Zealand,981
Qiyu Hou (侯启予),China,981
Zuhan Zhang (张祖瀚),China,980
Daniil Samusev (Даниил Самусев),Russia,979
Tyler Williams,Australia,979
Ilya Nazarov,Russia,977
Yinhao Ding,Australia,977
Martin Vædele Egdal,Denmark,976
Paweł Duraj,Poland,976
William Jensen,Sweden,975
Niko Ronkainen,Finland,974
Patrycja Michalska,Poland,973
Richard Yiheng Tao,New Zealand,970
Wenjie Xu (徐文杰),China,969
Aston Culf,Australia,967
Karol Zakrzewski,Poland,966
Radosław Opoka,Poland,966
Luke Garrett,USA,966
Tommy Cherry,USA,962
Oliver Hoy,Australia,962
Lucas Nieuwland,Canada,961
Cian-Jyun Yang (楊謙君),Taiwan,961
Luis Kleinheinz,Germany,959
Adriano Pallares,Spain,958
Daniil Rublev (Даниил Рублёв),Russia,956
Zhe Wang (王哲),China,956
Vojtěch Kundera,Czech Republic,956
Brandon Harris,New Zealand,955
Lucas Jacobs,Canada,952
Linxiao Xu (徐林霄),China,951
Haoran Ji (纪皓然),China,950
Evan Liu,USA,949
Maciek Skowroński,Poland,949
Matthew Prestwich,United Kingdom,948
Wuouran Liu (刘巫偶然),China,946
Krystian Czudej,Poland,946
Maxim Brednev (Максим Бреднев),Russia,946
Boyuan Yang (杨博渊),China,945
Tairan Zhong (钟泰然),China,944
Jakub Hamkało,Poland,944
Lichao Liu (刘立超),China,944
Callum Goodyear,United Kingdom,942
Amy Smith,Australia,941
Levi Eyou,New Zealand,940
Alexey Gundin (Алексей Гундин),Russia,940
Ilya Tsiareshka,Belarus,940
Eshiel Narayanan,Australia,940
Wilhelm Kilders,Germany,939
Jode Brewster,Australia,938
Myles Jarman,Australia,938
Lennon Hughes,Australia,938
Andrew Sherman,Australia,938
Zeke Mackay,USA,935
Jiahua Zhong (钟佳桦),China,933
Yen-Pin Xiao (蕭彥平),Taiwan,933
Joel Cetra,Germany,932
Radosław Michałek,Poland,931
Zhengzhe Jiang (江政哲),China,930
Jasper Murray,New Zealand,928
Daniil Starodubtsev (Даніїл Стародубцев),Ukraine,928
Thomas Schmidt,Denmark,928
Mateusz Szwugier,Poland,927
Mark Ding,Australia,926
Josephine Siburian,Australia,926
Joshua Feran,USA,926
Phoenix Patterson,Australia,926
Zihan Zhang (张子涵),China,925
Sam Spendla,United Kingdom,924
Sam Sieracki,Australia,923
Chengxiang Cui (崔程翔),China,922
Garrett Molinari,USA,921
Remo Decio,Switzerland,921
Jeann Valdez,Australia,920
Adam Chodyniecki,Poland,920
Jakub Hibszer,Poland,919
Jacob Evarts,USA,918
Grzegorz Chudzik,Poland,918
Igor Kolosov (Игорь Колосов),Russia,916
Christian Manuel de Lange,New Zealand,916
Declan James Douglas McLennan,Australia,915
Pavlo Bondar (Павло Бондар),Ukraine,915
Shangtong Fu (傅上桐),China,914
Mai Đức Hòa,Vietnam,914
Emmanuel Moreno Perez,Mexico,912
Ihor Kastranets (Ігор Кастранець),Ukraine,911
Nathan Phillips,USA,910
Basil Schumacher,Switzerland,910
Aleksander Arefiew,Poland,910
Simone Ohler,Germany,909
Chris Martin,USA,908
Mikołaj Pomykała,Poland,907
Hangwei Yu (禹航伟),China,907
Tom Stanton-Barnett,New Zealand,906
Marat Karimov (Марат Каримов),Russia,906
Leo Millar,Australia,906
Anthony Rochester,Australia,905
Yunqi Ouyang (欧阳韵奇),China,904
Qingyang Zhao (赵清杨),China,904
Viktor Zenk,Sweden,904
Lucas Chung,Australia,903
Heng Wu (吴桁),China,902
Mykhailo Akhunov (Михайло Ахунов),Ukraine,901
Artem Kuminov,Russia,901
Yiyang Chen (陈熠扬),China,901
Tomasz Cepil,Poland,900
Shun-Hsin Chang (張舜欣),Taiwan,900
Walker Welch,USA,899
James Molloy,United Kingdom,899
Przemysław Kruczek,Poland,899
Sergey Marin (Сергей Марьин),Russia,899
Joel Potter,New Zealand,898
Aedan Bryant,USA,898
Guiyu Niu (牛桂煜),China,898
Braden Richards,USA,898
Iurii Chesnokov (Юрий Чесноков),Russia,897
Dmitriy Rogozhnikov (Дмитрий Рогожников),Russia,897
Daniel Vædele Egdal,Denmark,896
Aleksandra Veshkurtseva,Russia,896
Benjamin Shurmer,Australia,895
Timo Norrkniivilä,Finland,895
Zayd Chaudhry,Australia,895
Łukasz Dubicki,Poland,895
Jakub Tkaczyk,Poland,894
Adam Golus,Poland,894
Alfredo Vasquez Mendoza,Mexico,894
Isaac Latta,New Zealand,893
Stepan Makarenko,Russia,893
Patrick Kleverlaan,Australia,892
Manfred Siew Ee Sheng (蕭奕晟),Malaysia,891
Gerard McGinley,Australia,891
Benjamin Gottschalk,USA,890
Yu-Hsuan Chang (張祐瑄),Taiwan,889
Martin Süß,Germany,889
Matthew Lee,Canada,888
Henri Gerber,Germany,888
Egor Solomatov (Егор Соломатов),Russia,888
Xiang Li (李响),China,887
Jakub Dłużak,Poland,887
Adrian Dębski,Poland,886
Elisei Yaquinto,Russia,886
Michael (謝富亦),Indonesia,886
Stanley Chapel,USA,885
Illia Honcharuk (Ілля Гончарук),Ukraine,884
Jaxon Foster,Australia,884
Carson Claud,USA,884
Adam Kędziorski,Poland,884
Tianyu Sun (孙天宇),China,884
Jieying Feng (冯洁莹),China,883
Xingkai Yin (尹星凯),China,883
Zirui Huo (霍子睿),China,883
Guicong Zhang (张桂聪),China,882
Jerry Chung Yeung Ho (鍾養浩),Hong Kong,882
Dương Bá Xuân Anh,Vietnam,882
Yifan Cheng (程依凡),China,881
Piotr Buba,Poland,881
Jake Buckley,USA,879
Jonah Blakeley,Australia,878
Harrison O'Reibow,New Zealand,878
Ryan Fong,USA,877
Jaime Calzado Gomez,Spain,874
Han Chu (储菡),China,874
Edwin Shen,New Zealand,874
Alwin Rölz,Switzerland,873
Harry Savage,United Kingdom,873
Ruei-Hong Liang (梁睿紘),Taiwan,872
Benjamin Watts,USA,871
Kit Clement,USA,871
Nick Agatyn,Australia,871
Sebastian Bock,Australia,870
Piotr Mazurkiewicz,Poland,870
Noriyuki Okada (岡田典之),Japan,870
Jan Křížka,Czech Republic,869
Sebastian Outh-Aut,Australia,869
Max Walaszek,USA,869
Silas Starling,USA,869
Nguyễn Duy Sơn,Vietnam,868
Darby Lee,Australia,868
Damiano Di Paola,Italy,868
Lucas O'Connell,New Zealand,868
Malte Oliver Bøgh Kjøller,Denmark,868
Pavel Mesyatsev,Russia,867
Hubert Badocha,Poland,866
Keith Templar,Australia,865
Will Fairfax,New Zealand,865
Daniel Mullen,USA,865
Shek Ho Hin (石灝軒),Hong Kong,864
Ekaterina Soboleva (Екатерина Соболева),Russia,864
River Fletcher,Australia,864
Carter Kucala,USA,863
Borys Chojak,Poland,863
Yang Liu (刘洋),China,863
Wenzhuo Ji (季文卓),China,863
Yonghua Xie (解永华),China,863
Ashley Foster,New Zealand,862
Oleg Mudryk (Олег Мудрик),Ukraine,861
Theo Proferes,United Kingdom,861
Ryan Wu,Canada,861
Junqi Feng (冯骏骐),China,860
Elliott O’Brien,New Zealand,860
Jesús Jorge García López,Mexico,860
Lincheng Cai (蔡林成),China,860
Ilya Boyko (Илья Бойко),Russia,860
Yi-Ho Hsueh (薛以和),Taiwan,859
Hsuan-Chun Wang (王鉉浚),Taiwan,859
Thomas Swarbrick,New Zealand,859
Aakash Jois,Australia,858
Sheng Cao (曹晟),China,858
Tobias Peter,Switzerland,858
Marcel Niedl,Austria,857
Joel Lundström,Sweden,857
Abhimanyu Singhal,India,857
Alessandro Nicolì,Italy,857
Egor Gushchin,Russia,856
Wanling He (何婉灵),China,856
Hassan Khanani,USA,855
Bartłomiej Owczarek,Poland,854
Levente Swanepoel,New Zealand,854
Fengyan Zhang (张枫岩),China,854
Caleb Hall,New Zealand,854
Witold Brzeziński,Poland,853
Xuezhi Zhang (张学智),China,853
Maciej Spirydowicz,Poland,853
Radomił Baran,Poland,852
Lanshi Zhang (张岚石),China,851
Xiaofeng Mo (莫晓锋),China,851
Leo Cretan,Australia,851
Jules Andrei A. Solamo,Philippines,851
Jonathan Blöcher,Germany,850
Hong-An Lai (賴泓安),Taiwan,849
Dominik Unijewski,Poland,848
Ryan Pin Harry,Canada,847
Zhiyuan Ma (马之元),China,847
James Stephan,Australia,846
Chengyang Song (宋成阳),China,846
Clément Cherblanc,France,845
Jacob Ambrose,USA,844
Noah Kraft,Germany,844
Jakub Oleksiak,Poland,844
Ilya Epifanov,Russia,843
Xiangrui Deng (邓翔睿),China,843
Kirill Levchuk (Кирилл Левчук),Russia,843
Piotr Tokarski,Poland,843
Linus Laurén,Finland,842
Ding Li (李丁),China,842
Doyul Kim (김도율),Korea,842
Rounok Yamani Riyan,Bangladesh,841
Roan Paone,Canada,841
Sean O'Toole,Ireland,840
Ksenia Moskaltsova (Ксения Москальцова),Russia,840
Xinyun Chen (陈新运),China,840
Kareem Abdelqader,Jordan,839
Zee Capangpangan,Philippines,839
Jason White,USA,839
Maksim Demchenko (Максим Демченко),Russia,839
Will Belote,USA,838
Michael Stocker,Germany,838
Jack Bellomy,USA,838
Pinhua Peng (彭品桦),China,838
Trần Đăng Quang,Vietnam,837
Guan-Yi Li (李冠毅),Taiwan,837
Jacob Samual Henry Goodwin,Australia,837
Patrick Hetco,Germany,836
Tony Nguyen,Vietnam,836
Martin Zhang,China,836
Juan-Felipe Forero,Australia,835
Maxim Ilin,Russia,834
Laura Ohrndorf,Germany,834
Vadim Strelnikov,Russia,834
Mikhail Sartakov,Russia,834
Jakub Pietrzyk,Poland,834
Isaac Macdonald,New Zealand,834
Evan Ha,USA,833
Govend Avgerinos Djangoi,Sweden,833
Artem Shagiev (Артём Шагиев),Russia,832
Yuanyuan Gao (高原园),China,832
Dominika Warchoł,Poland,832
Artem Golovan (Артем Головань),Ukraine,830
Luke McRitchie,United Kingdom,830
Yuting Wang (王宇婷),China,830
Francesco Iezzi,Italy,829
Keenan Johnson,USA,828
Ilya Sokolov,Russia,828
Szymon Juroszek,Poland,828
Vladislav Kozhin,Russia,828
Ethan Pride,Australia,828
Dawid Mazurek,Poland,827
Shih-Hao Wang (王士豪),Taiwan,825
Piotr Kogut,Poland,825
Ho Hsieh (謝合),Taiwan,825
Firstian Fushada (符逢城),Indonesia,825
Danil Belik (Данил Белик),Russia,824
Brandon Harnish,USA,824
Alex Jung,Korea,824
Sarina Wang,New Zealand,824
Elyas Eyou,New Zealand,823
Sergey Shtatnov (Сергей Штатнов),Russia,822
Assylkhan Meirkhanov (Асылхан Мейрханов),Kazakhstan,822
Jeremy Crouther,Australia,822
Kate Grahame,USA,821
Yanghong Wu (伍洋弘),China,821
Milo Black,USA,821
Rui Qin (秦睿),China,821
Nguyễn Khánh Ngọc,Vietnam,821
Jonathan Pang,Australia,821
Aneurin Hunt,New Zealand,820
Earl Joven Suyo,Philippines,820
Andrey Mozgovoy (Андрей Мозговой),Russia,820
Oleksandr Seniuk (Олександр Сенюк),Ukraine,820
Karolina Van,Russia,820
Yurii Riabov (Юрій Рябов),Ukraine,820
Mikhail Kopylov (Михаил Копылов),Russia,819
Xiaowen He (何晓文),China,819
Wiktor Lutowski,Poland,819
Wojciech Rogoziński,Poland,819
Fan Li (李凡),China,819
Daniel Sheppard,United Kingdom,818
Renato Stopic,Bosnia and Herzegovina,818
Rasmus Stub Detlefsen,Denmark,818
Yeon Kyun Park (박연균),Korea,817
Jialu Zhang (张佳禄),China,817
Pavel Eroshkin (Павел Ерошкин),Russia,817
Spondon Nath,India,817
Chris Mills,United Kingdom,817
Viacheslav Osminin,Russia,816
Michael Muething,USA,816
Gabriel Lincon Souza,Brazil,816
Kyra Joiner,USA,816
Frederik Hutfleß,Germany,815
Alvar Nylén,Sweden,815
Miguel Ángel Cruz Hernández,Mexico,815
Piotr Stachurski,Poland,815
Malte Ihlefeld,Germany,815
Henry Lichner,USA,814
Carter Thomas,USA,814
Joey Saia,USA,814
Joanna Hołdakowska,Poland,814
Waldemar Sundin,Sweden,813
Wojciech Szatanowski,Poland,812
Jiankun Shi (石建坤),China,812
Joshua Marriott,USA,812
Danil Skoromec,Russia,812
Ivan Khvatov (Иван Хватов),Russia,811
Michael Alexander,Australia,810
Niclas Mach,Germany,810
Mufan Long (龙沐凡),China,810
Bokang Peng (彭博康),China,810
Zishuo Zhang (张子硕),China,810
Benjamin Blaikie,New Zealand,810
Jiaming Wu (吴嘉鸣),China,810
Alexander Karlov,Sweden,810
Hao Liang (梁昊),China,810
Alexey Yarygin,Russia,809
Zhao-Zhe Zhong (鍾肇哲),Taiwan,808
Hansi Wang (王翰思),China,808
Henry Sun,Australia,808
Krzysztof Bober,Poland,808
Lev Bruskov (Лев Брусков),Russia,807
Nicolas Gertner,France,807
Đào Bách Nguyên,Vietnam,806
Choi Hyo-jin (최효진),Korea,806
Junxi Jian (简隽希),China,806
Tair Zhansultanov,Kazakhstan,806
David Arzamastsev,Russia,806
Sébastien Auroux,Germany,805
Jiaxiang Wang (王家祥),China,805
Adrian Radziewicz,Poland,804
Karina Ermakova (Карина Ермакова),Russia,803
Nayan Jyoti Das,India,802
Aiden Chan,Canada,802
Renan da Cunha Santos,Brazil,802
Sean Cutshaw,USA,802
Sean Hartman,USA,802
Rachel Feran,USA,802
Daniel Tidsey,United Kingdom,802
Mahathir Muhammad Athoy,Bangladesh,802
Nicolas Køster Christensen,Denmark,802
Vishal Mohanraju,India,801
Alexandros Efremidis,Greece,801
Charlie van Ooran,Australia,801
Ekaterina Kaneva,Russia,801
James Quinn,USA,800
Wong Chong Wen (黄崇文),Singapore,800
Ronnie Jinxuan Zhu (朱缙轩),China,800
Amy Eguchi-Fergusson,Australia,800
Lucas Belcher,New Zealand,799
Vladyslav Zhydkov (Владислав Жидков),Ukraine,799
Nikolai Gomelchuk,Russia,799
Taiyu Wan (万泰宇),China,799
Oleksii Lasiichuk (Олексій Ласійчук),Ukraine,799
Jacob Sasine,USA,799
Elijah Brown,USA,798
Johannes Knudsen,Sweden,798
Jacob Chambers,United Kingdom,798
Dmitry Kryuzban,Russia,797
Yiding Zhao (赵一丁),China,797
Louis Cormier,Canada,796
Ivan Bashun (Иван Башун),Russia,796
Esneider Giraldo Restrepo,Colombia,796
Livia Kleiner,USA,796
Tantian Shen (沈谈天),China,796
Mark Spirin,Russia,795
Angeline Wijaya (黃千儀),Indonesia,795
Andrey Mishin (Андрей Мишин),Russia,795
Milan van Wanrooij,Netherlands,795
Misael Gómez Soria,Mexico,795
Ben Teh,Australia,794
Nestor Sokhan,USA,794
An-Yuan Jhan (詹安元),Taiwan,794
Zack Hall,Australia,793
Zhengli Ning (宁郑立),China,793
Ainesh Sevellaraja,Malaysia,793
Andrey Seleznev,Russia,792
Aleksandra Lukianova (Александра Лукьянова),Russia,792
Yunhui Zhao (赵云晖),China,791
Ilya Parchuck,Russia,790
Zachary Ochs,USA,790
Tommy Kiprillis,Australia,790
Haohan Zheng (郑皓涵),China,789
Maximilian Elsener,Switzerland,789
Justin Erkkila,USA,788
Destin Shulfer,USA,788
Ivan Kovach (Іван Ковач),Ukraine,788
Charlie Bauchop,New Zealand,788
Aaikham Borgohain,India,787
Elham Mubasshir Fahim,Bangladesh,787
Witold Sołtysik,Poland,786
Habin Kim (김하빈),Korea,786
Luis Angel Huerta Barrales,Mexico,786
Kiyomi Eguchi,Japan,786
Richert Jay Pinca,Philippines,786
Azizah Nur Hayati,Indonesia,785
Sukant Koul,India,785
Nathaniel Berg,Sweden,785
Leon Marcell Alamanda,Indonesia,785
Andrey Radaev (Андрей Радаев),Russia,785
Cameron Miller,USA,785
Yifan Sun (孙逸凡),China,784
Jacob Oliver Bruun,Norway,784
Justas Nemanius,Lithuania,784
Daniel Eric Ryan,Australia,784
Miklós Mohos,Hungary,784
Mats Walker,Germany,783
Xinhe Liu (刘心赫),China,782
Ksenia Esipova (Ксения Есипова),Russia,782
Krystian Załuski,Poland,782
Gabriel Alejandro Orozco Casillas,Mexico,782
Bradley Sampson,USA,781
Wojciech Barciaga,Poland,781
Adam Marcellus Kelly,USA,781
Adrien Auvray Matyn,New Zealand,781
Paul Mahvi,USA,781
Oscar Childs,New Zealand,780
Fabio Schwandt,United Kingdom,780
Zejun Chen (陈泽鋆),China,780
David Vujasić,Croatia,780
Yujia Wu (吴语嘉),China,779
Kevin Gerhardt,Germany,779
Yuxuan Zheng (郑誉轩),China,779
Zheming Li (李哲铭),China,779
Nathan Popov,USA,779
Huijun Gao (高慧军),China,779
Dmitry Melnikov (Дмитрий Мельников),Russia,778
Timothy Castle,USA,777
Ryuji Hamano (浜野竜二),Japan,777
Suen Ming Chi (孫銘志),Hong Kong,776
Mattheo de Wit,Netherlands,776
Nikita Pak,Russia,776
Håvard Færden,Norway,776
Artem Vanyan,Russia,776
Dylan Hua,Australia,775
Javier Siquité,Guatemala,775
Jack Maddigan,New Zealand,775
Ng Jia Quan (黄佳铨),Malaysia,775
Bence Barát,Hungary,774
Jun Wang (王珺),China,774
Arsenii Chaplinskii,Russia,772
Hao Wang (王浩),China,772
Zongqi Liu (刘宗奇),China,771
Sergey Nepushkin (Сергей Непушкин),Russia,771
Konosuke Nishiyama (西山幸之介),Japan,771
Clancy Caster,USA,770
Bruno Di Renzo John,Germany,770
Szymon Brzana,Poland,770
Jacob Fanikos,USA,770
Andrés Felipe Montoya,Colombia,769
Mattia Furlan,Italy,769
Sophia Schmoll,Germany,769
Chufan Cao (曹楚凡),China,769
Xuanwei Liang (梁轩玮),China,769
Zhangyi Guo (郭张翼),China,768
Cezary Mach,Poland,768
Felipe Cardim,Brazil,768
Benicio Lins Pinheiro,Brazil,767
Zhaohe Wang (王昭赫),China,767
Aleksey Zuev,Russia,767
Daniel Ramsden,United Kingdom,766
Danil Truhin (Данил Трухи́н),Russia,766
Travis Burkett,USA,766
Nancy Garcés Hazou,Bolivia,766
Jan Riedl,Czech Republic,765
Max Murphy,Canada,765
Vadim Starostin (Вадим Старостин),Russia,765
Chad Harris,USA,765
Pedro Giuseppe Garcia Milla,Peru,765
Jesús Tadeo Perez Cardona,Mexico,765
Michał Halczuk,Poland,764
Samip Bhattarai,Nepal,764
Artur Yuldashov (Артур Юлдашов),Kazakhstan,764
Mengfei Shen (沈梦非),China,764
Bogdan Pominov (Богдан Поминов),Russia,764
Lin Chen (陈林),China,764
Darren Siew Ee Yaang (蕭奕暘),Malaysia,763
Tamara Macadam,Australia,763
Ying Lin (林颖),China,763
Bandar Al Aish,Bahrain,763
Timothy Symons,Australia,762
Dmitry Salakhov,Russia,762
Mikołaj Salamon,Poland,761
Zhibo Xuan (禤志博),China,761
Vladimir Tikhonenko (Владимир Тихоненко),Russia,761
Dohyun Kim (김도현),Korea,761
Kingston Harrop,New Zealand,761
Muyan Li (黎暮彦),China,760
Hang Li (黎珩),China,760
Jaxson Stove,New Zealand,760
Maddie Clemmons,USA,759
Chen Kang (亢晨),China,759
Roman Shilov (Роман Шилов),Russia,759
Till Piwko,Germany,758
Oleg Solomein (Олег Соломеин),Russia,758
Liang Chen (陈樑),China,758
Dadhania Het,India,757
Prin Kijviwattanakarn (ปริญ กิจวิวัฒนการ),Thailand,757
Arkadiusz Abramowski,Poland,757
Dalton Padgett,USA,757
Volodymyr Korol (Володимир Король),Ukraine,757
Ryota Shibuya (渋谷涼太),Japan,756
Katie Hull,USA,756
Chan Tak Chuen (陳德泉),Hong Kong,756
Kevin Sulser,Switzerland,756
James Golding,United Kingdom,756
Axel Echeverria Langarica,Mexico,756
Ruben Fino,Australia,755
Silas Kampp Richter Lassen,Denmark,755
Andrew Karbusicky,USA,755
Yu Fu (付煜),China,755
Wenrui Qian (钱文睿),China,754
Egor Romanov (Егор Романов),Russia,754
Mathieu Hudon,Canada,754
Juan Manuel Velásquez Rivera,Colombia,754
Lydwine Beelen,Netherlands,754
Lucas Kuczaj,Canada,754
Weiqiao Sun (孙伟乔),China,754
Joel O’Callaghan,New Zealand,753
Qinxi Wei (韦钦曦),China,752
Luoxiao Xu (徐珞潇),China,752
Chan Hui Tung (陳許瞳),Hong Kong,752
Anna Panova (Анна Панова),Russia,751
Darya Belonogova,Russia,751
Knut Skaug Haraldsen,Norway,751
Gabrielle Morasse,Canada,751
Marcus Kamen,USA,751
Thomas Ditton,Switzerland,750
Brandon Nguyen,Canada,750
Eemil Lahti,Finland,750
Cullen Milne,South Africa,750
Sicheng Gu (顾思成),China,750
Yu-Kai Chen (陳宇楷),Taiwan,749
Yixing Wang (王一行),China,749
Télian Delannoy,France,749
Mingyu Wang (汪明煜),China,748
Ben Stokes,United Kingdom,748
Wei Zhang (张微),China,748
Aolin Tang (唐奥林),China,748
Junru Wang (王珺儒),China,748
Nathan Azaria,Indonesia,748
Franklin Tober James Dulay,Philippines,748
Zijun Liu (刘子钧),China,748
August Lancaster,USA,748
Muhammad Syahmi,Malaysia,747
Lucas Déglise,France,747
Amir Kojanov (Амир Кожанов),Kyrgyzstan,747
Aryan Sehgal,India,747
Emmet Hobbs,Australia,746
Parth Sachin Surelia,India,746
Mark Bennis,Netherlands,746
Ernur Ersayynov,Kazakhstan,746
Vladislav Shurshilin,Russia,745
Hongyuan Fu (傅泓源),China,745
Ksenia Vepsha,Russia,745
Aset Agabekov (Асет Агабеков),Kazakhstan,745
Kush Girap,India,744
Olivier van Luijk,Netherlands,744
Markko Eduardo Rivera Hernández,Mexico,744
Albert Quiñones,Philippines,744
Timofei Vikhrianov (Тимофей Вихря́нов),Russia,744
Xinjie Shi (施鑫杰),China,744
David Lim,New Zealand,744
Łukasz Burliga,Poland,744
Ethan Potinsky,USA,743
Levi Benjamin Matara-Ng,Australia,743
Dmitriy Busygin (Дмитрий Бусыгин),Russia,743
Anders Berggren,Sweden,743
Matvey Bannikov (Матвей Банников),Russia,742
Hellen Wang,New Zealand,742
Nicole Wang,Canada,742
Jérôme Fréguin,Canada,742
Lalith Sashank,India,741
Kirill Ogorodov (Кирилл Огородов),Russia,741
Yunliang Zhang (张赟量),China,741
Jayden Jiang,USA,741
Paul Galioto,USA,741
Lorenzo Mauro,Italy,741
Daniyal Suleymen (Даниял Сулеймен),Kazakhstan,740
Dennis Hu,New Zealand,740
Lev Maslov,Russia,740
Clay Moore,USA,739
Li Chak Kwan (李澤堃),Hong Kong,739
Michael Conard,USA,739
William Carey,Ireland,739
Daniel Alejandro Cruz Tunubalá,Colombia,739
Amir Husain,Kazakhstan,739
Kim Min (김민),Korea,739
Ivan Shironin,Russia,739
Jakub Grzybowski,Poland,739
Emil Van Ilmari Nguyen Tornudd,USA,739
Xinyang Li (李昕洋),China,738
Niklas Aasen Eliasson,Norway,738
Kyeongmin Choi,Korea,738
Mihály Horváth,Hungary,738
Aaron Soley,USA,738
Chengzhi Jin (金程智),China,737
Jordan Granados,USA,737
Matthew Dickman,USA,737
Vladyslav Hryniuk (Владислав Гринюк),Ukraine,737
Caleb Kearney,USA,737
Vicenzo Guerino Cecchini,Brazil,737
Andreas Østergaard,Denmark,737
Marco Manno,Italy,737
Magnus Søndergaard Byrne,Denmark,736
Raymond Goslow,USA,736
Jingbin Li (李晶斌),China,736
Daniel Yakhkind,Israel,736
Nicholas Bezzerides,USA,736
Christopher Chi,USA,735
Marcos Meibel Corral Murillo,Mexico,735
Zifeng Lin (蔺子丰),China,735
Mehrdad Navidian Mehr (مهرداد نویدیان مهر),Iran,735
Zhaoqi Wang (王昭琦),China,735
Ilya Shalashny (Илья Шалашный),Russia,735
Zifeng Zhou (周子枫),China,735
Hisashi Imai,Japan,734
John Albright,USA,734
Vasu Gondaliya,India,734
Ryan Yasinko,Canada,734
Marcus Moberg,Sweden,734
Srijan Adhikari,Nepal,734
Alexis Rodrigo Cazu Mendoza,Mexico,733
Nishad Khade,India,733
Shu Ogawa (小川柊),Japan,733
Vilius Ribinskas,Lithuania,733
Tomasz Larysz,Poland,733
Li Xiaotian,China,733
Dennis Rosero,Colombia,732
Kymberlyn Calderon,USA,732
Bartłomiej Krokos,Poland,732
Preston Duke,USA,731
Iván Guerrero Juárez,Mexico,731
Akmal Abduazizov,Uzbekistan,731
Dominik Fürer,Switzerland,731
Artem Kapustinskiy (Артем Капустинский),Russia,731
Angelo Pio Lo Giudice,Italy,731
Shourya Upadhyay,India,731
Dan Pastushkov,USA,731
Konstantin Solovev (Константин Соловьёв),Russia,731
Yizhou Zhou (周亦舟),China,730
Yu-Kuan Hsieh (謝予寬),Taiwan,730
Graham Stack,New Zealand,730
Konstantin Jaehne,Germany,730
Alexander Botz,Germany,730
Christoph Jadan,Russia,730
Aleksei Ushachev,Russia,730
Jorge Mario Gurdián Flores,Nicaragua,729
Mikhail Evtiukhov (Михаил Евтюхов),Russia,729
Ryan Pilat,USA,729
Igor Tarasov (Ігор Тарасов),Ukraine,729
Sam Adams,USA,728
Heng Guo (郭恒),China,728
Piotr Ochal,Poland,727
Chenhao Ma (马晨皓),China,727
Bryan Eng,Australia,727
An Li (李安),China,726
Donghao Xu (许东豪),China,726
Guy Taragano,Israel,726
Yan Jin (金岩),China,726
Kenneth Pérez Arias,Mexico,726
Lei Liu (刘磊),China,726
Lauren Klemz,USA,726
Matthew Wilcox,USA,726
Mikhail Kharitonov,Russia,725
Lisa Kucala,USA,725
Stone Amsbaugh,USA,725
Evgenii Loginov,Russia,725
Brian Johnson,USA,725
Farid Mikhailov,Kazakhstan,724
Michał Jakubowski,Poland,724
Brady Whitehead,Canada,724
Santhosh Sabarinathan,India,724
Nicolas Marin Urrea,Colombia,723
Jared Stinson,USA,723
Zewei Wang (王泽伟),China,723
Alex Loor,Ecuador,722
Joaquin Ruenes Hernández,Mexico,722
Arghadeep Mukherjee,India,722
Yihao Lü (吕奕豪),China,722
Carlos Rill Garcia,Mexico,722
Mu Liu (刘沐),China,722
Owen Widdis,USA,722
Vinay Omkumar Khilwani,India,722
Raúl Serrano Martínez,Spain,722
Aadhithya Hariharan,India,721
Elijah Gil S. Cacho,Philippines,721
Jiyi Wang (王吉怡),China,721
Francisco Moraes Mandalozzo,Brazil,721
Damir Zhanataev (Дамир Жанатаев),Kazakhstan,721
Laurids Abelsen Holm,Denmark,721
Fan Ye (叶凡),China,720
Yuanzhe Liu (刘远哲),China,720
Max Bradley-McFawn,Australia,720
Danila Safroshkin (Данила Сафрошкин),Russia,720
Vladislav Kshnyakin (Владислав Кшнякин),Russia,719
Seon Byun,Korea,719
DongSu Park (박동수),Korea,719
Nate Mochrie,New Zealand,719
Malaury Michelland,France,719
Chae Ji-Seok (채지석),Korea,718
Evgeniy Lee,Uzbekistan,718
Tin Huang,Canada,717
Nathan Black,New Zealand,717
Caden Scott,USA,717
Azamat Begaliev,Kazakhstan,717
Yutong Liu (刘昱彤),China,717
Tyler Bitz,USA,717
Saravanan Gowthaman,India,717
Haoze Yu (于昊泽),China,716
Rodrigo Zarate,Peru,716
Mingsen Han (韩明森),China,716
Hsiang Hsueh (薛翔),Taiwan,716
Artem Kulikov (Артём Куликов),Russia,716
Kyle Van Straaten,Canada,716
Luis Jonathan Omana Estrada,Mexico,716
Piotr Skowroński,Poland,716
Roland Frisch,Germany,715
Mateusz Gołaś,Poland,715
Elijah Gabriel Ret,USA,715
Yikuan Kan (阚亦宽),China,715
Eder Alberto Samayoa Lopez,Guatemala,715
Léo Francoeur,Canada,715
Artem Sheptun (Артем Шептун),Russia,715
Wuxiao Dong (董毋小),China,714
Arsenii Evdokimov (Арсений Евдокимов),Russia,714
Xiaobin Rui (芮晓彬),China,714
Alexey Kislovskiy,Russia,714
Angel Torres Perez,Mexico,714
Hannah Minas,Switzerland,713
Hanlin Ding (丁瀚林),China,713
Vladislav Pechenkin (Владислав Печёнкин),Russia,713
Denis Milov,Russia,713
Mihai Căpăţinescu,Romania,713
Yue Shen (申粤),China,713
Zhaoyu Chen (陈召宇),China,713
Mateusz Szulik,Poland,713
Jiahao Deng (邓家豪),China,712
Ramil Khasanov,Russia,712
Danila Sobyanin,Russia,712
Logan McGraw,USA,712
Mariia Hunchak (Марія Гунчак),Ukraine,712
Oleg Liven,Russia,712
Eason Siew Ee Son (蕭奕晨),Malaysia,712
Szabolcs Szántai,Hungary,711
Callum Hales-Jepp,United Kingdom,711
Brenton Angelo Lo Wong,Philippines,711
Yang Cheng (程阳),China,711
Kirby Jay Caragan,Philippines,711
Szymon Grodzki,Poland,711
Mikołaj Molski,Poland,710
Stephen Griggs,USA,710
Parker Trager,USA,710
Eli Parker,USA,710
Juan de Dios Noriega Sánchez,Mexico,710
Daniyal Arstambek (Даниял Арстамбек),Kazakhstan,710
Ryan Michael Breen,USA,710
Yongtao Sun (孙永涛),China,710
Nisheet Dave,India,710
Mason Langenderfer,USA,710
Vladimir Vasiliev (Владимир Васильев),Russia,710
Azael Toysehua,Mexico,709
Carlos Gabriel de Azevedo,Brazil,709
Matthew Sieredzinski,Australia,709
Caleb Ashley,USA,708
Mingzhi Da (达明志),China,708
Anqi Li (李安齐),China,708
Nils Thorben Lang,Germany,707
Svetlana Vyatkina (Светлана Вяткина),Russia,707
Riley Woo,USA,707
Shobhan Karthish,India,706
Joe Labas,Australia,706
Hanyang Cheng (程瀚洋),China,706
Alston Yam,New Zealand,706
Yoshi Hero Nakamura,Philippines,706
Wei Dong (董唯),China,706
Rustin Haderlie,USA,705
Anton Nazarov (Антон Назаров),Russia,705
Jessica Lohe,Germany,705
Dmitrii Dusheiko (Дмитрий Душейко),Russia,705
Jesús Fernando Castelán Gómez,Mexico,705
Amir Nahali (امیر نهالی),Iran,705
William Gan Wei Ren (颜伟仁),Malaysia,705
Thomas Heiden,Austria,705
Mingtao Xu (徐铭涛),China,705
Peter Weyers,USA,704
Timofey Pastrevich,Russia,704
Jacob Eoin Gipp,Canada,704
Wojciech Żmudziak,Poland,704
Matthew Malinak,USA,704
Diego Brizuela Crespo,Mexico,703
Samuel Weber,USA,703
Wong Min Jze,Malaysia,703
Nathan Kiser,USA,703
Kamil Łukaszewski,Poland,703
Gaurav Kumar,India,703
Adhi Jeyappragash,USA,703
Cheng-Han Chu (朱政翰),Taiwan,702
Dylan Johnston,Australia,702
Eben Quenneville,USA,702
Egor Kireev (Егор Киреев),Russia,702
Tyler Howlett,USA,702
Ivo Stoutjesdijk,Netherlands,702
Leo Higgins,USA,702
Daniil Nahornyi (Данііл Нагорний),Ukraine,701
Arisandra Soo,Australia,701
Mario Fernando Reyes Morales,Guatemala,701
Liam Savarino,Canada,701
Emma Dixon,USA,700
Dmitriy Truhin (Дмитрий Трухи́н),Russia,700
Charlie Haywood,United Kingdom,700
Lianghai Sui (眭亮海),China,700
Ivan Litsov (Иван Лицов),Russia,699
Mitchell Hum,USA,699
Jan Golec,Poland,699
Tommy Szeliga,USA,699
Mateusz Wcisło,Poland,699
Zongyang Li (李宗阳),China,699
Simone Santarsiero,Italy,699
Bohdan Shaposhnyk (Богдан Шапошник),Ukraine,699
Ravi Shah,USA,699
Jack Pfeifer,USA,698
Simon Kelly,Ireland,698
Eagan Cunningham,USA,697
Thomas Imada,Canada,697
Kiran Kulkarni,India,697
Zhihai Liu (刘之海),China,697
Yiran Wang (王毅然),China,697
Sebastián Pulgarín Manrique,Colombia,697
Dongheon Ryu (류동헌),Korea,697
Wiebke Drude,Germany,696
Samuli Laine,Finland,696
Peng Wang (王鹏),China,696
David Suit,USA,696
Helmer Ewert,Sweden,696
Pablo Serrano Santos,Spain,696
Serafima Petrova (Серафима Петрова),Russia,696
Leonid Zakharov (Леонид Захаров),Russia,696
Ryouga Hayashi (林竜河),Japan,695
Felicitas Eknigk,Germany,695
Nikita Loika,Belarus,695
Ziyu Wu (吴子煜),China,695
Elijah Essig,USA,695
David Addison Reid,USA,695
Sidharth Sawhney,India,694
Peyton Marcotte,USA,694
Jaylen Zhang,Canada,694
Jianjun Li (李建军),China,694
Deven Huard-Bernuy,Canada,694
Matvei Zakataev (Матвей Закатаев),Russia,694
Vyacheslav Kochergin (Вячеслав Кочергин),Russia,694
Elias Nordlund,Sweden,693
Joe Davis,Australia,693
Pau Plana Casas,Andorra,693
Prosper Huang,Canada,692
Muhammad Razin Bin Roslan,Malaysia,692
Daryl Aliben,Philippines,692
Javier Tirado Ortiz,Spain,692
Mike Ditton,Switzerland,692
Koen van den Berg,Netherlands,692
James Hildreth,USA,691
Riley Dexter,Australia,691
Natalia Valerio,USA,691
Jainendra Jain,India,691
Ehsan Rajabi Vahdat (احسان رجبی وحدت),Iran,691
Kristian Gil Caragan,Philippines,691
Ryszard Kiszka,Poland,690
Semen Artyukhov,Russia,690
Elizaveta Ermolkina,Russia,690
Cameron Glover,USA,690
Niki Placskó,Hungary,689
Andy Gong,Australia,689
Prayansh Vimal,India,689
Aleksandra Tatoń,Poland,689
Arturo Ocampos,Paraguay,689
Jose Ernesto Osorno Huerta,Mexico,688
Jinseo Hong,Korea,688
Wentian Xin (辛文天),China,688
Yung-Chun Tsai (蔡詠竣),Taiwan,688
Feng-Xi Hong (洪逢禧),Taiwan,688
Jiazheng Zhao (赵家正),China,688
Antonie Paterakis,Greece,688
Paul de Saint Albin,France,688
Anthony Bhamornsiri,Indonesia,688
Ethan Cho,USA,688
Chan Hay Yin (陳希言),Hong Kong,688
Amelie Dieterich,Germany,688
Felix Lewicki,Poland,688
Roberto da Costa Barbosa Nunes Caldas,Brazil,687
Dmitry Permyakov (Дмитрий Пермяков),Russia,687
