name,country,333fm
Martin Vædele Egdal,Denmark,1099
Wojciech Rogoziński,Poland,1091
Elvin Thorsen,Sweden,1088
Seth Ferry,Australia,1083
Joshua Hounslow,Australia,1079
Leo Hock-Morris,Australia,1062
Cyprian Kalbarczyk,Poland,1057
Adam Marcellus Kelly,USA,1056
Jan Bentlage,Germany,1055
Cale Schoon,USA,1055
Hassan Khanani,USA,1051
Firstian Fushada (符逢城),Indonesia,1048
Korakot Inkaew (กรกฎ อิ่นแก้ว),Thailand,1028
Marquez Phan,Australia,1026
James Macdiarmid,New Zealand,1025
Jan Zych,Poland,1025
Peiyan Li (利沛焰),China,1024
Zayn Khanani,USA,1020
Adrian Oon,Australia,1020
Yiwei Liu (刘伊玮),China,1019
Nathan Nairn,Australia,1019
Ujjawal Pabreja,India,1019
Rui-Jun Liu (劉睿鈞),Taiwan,1011
Jack Love,Australia,1004
Jeann Valdez,Australia,1001
Baiqiang Dong (董百强),China,1000
Jonathan Charlesworth,Australia,998
David Edwards,Australia,996
Guido Dipietro,Argentina,996
Shih-Hao Wang (王士豪),Taiwan,996
Sébastien Auroux,Germany,995
Luke Burong,Australia,990
Thomas Sonnenberg Jarner,Denmark,988
Tom Stanton-Barnett,New Zealand,985
Lachlan Stephens,Australia,984
Marek Pepke,Poland,984
William Jensen,Sweden,982
Tommy Kiprillis,Australia,982
Cian-Jyun Yang (楊謙君),Taiwan,980
Wilfrid Py,France,979
Tyler Williams,Australia,977
Dylan Wang,Canada,977
Vincent Hartanto Utomo,Indonesia,975
Mauro Moises López,Spain,974
Andrew Nathenson,USA,972
Riley Dexter,Australia,972
James Quinn,USA,971
Anthony Rochester,Australia,970
Kacper Rafalski,Poland,970
Kristiāns Pietkuns,Latvia,967
Shuto Ueno (上野柊斗),Japan,965
Ruei-Ying Huang (黃睿穎),Taiwan,964
Ping-Yueh Huang (黃品越),Taiwan,961
Dohyun Kim (김도현),Korea,961
Daniel Vædele Egdal,Denmark,958
Zhiyuan Zhang (张质源),China,958
Yunhao Lou (娄云皓),China,958
Michael Giang,Australia,958
Ilya Nazarov,Russia,957
Kaur Tuule,Estonia,956
Zhao-Zhe Zhong (鍾肇哲),Taiwan,956
Finn Trass,New Zealand,956
Lev Golub (Лев Голуб),Ukraine,954
Yan Luo (骆彦),China,954
Jacob Ambrose,USA,954
Walker Welch,USA,953
Yurii Riabov (Юрій Рябов),Ukraine,953
Shivam Bansal,India,953
Muhammad Saleh Imtiaz,Pakistan,950
Vincent Trang,USA,950
Xinyuan Fan (范歆远),China,950
Andy Gong,Australia,950
Zachary Ochs,USA,949
Hao Zhang (张昊),China,948
Paweł Duraj,Poland,948
Natthaphat Mahtani (ณัฐภัทร จี มาทานี),Thailand,947
Wong Kin Lok (黃健樂),Hong Kong,945
Emilio Matanguihan,Australia,945
Mohammed Aiman Koli,India,944
Yunke Zhang (张云柯),China,942
Tomoaki Okayama (岡山友昭),Japan,942
Chang Hong Liang,Singapore,940
Kit Clement,USA,939
Daniel Sheppard,United Kingdom,936
Qihan Chen (陈启晗),China,935
Fabio Schwandt,United Kingdom,935
Inha Woo (우인하),Korea,935
Jayden McNeill,Australia,934
Pranav Prabhu,India,931
Przemysław Rogalski,Poland,930
Callum Goodyear,United Kingdom,930
Solomon Andrew Newnham,Australia,929
Han Su (苏涵),China,928
Satoshi Kodama (児玉聡),Japan,927
Jeremy Crouther,Australia,927
Vicenzo Guerino Cecchini,Brazil,923
Tim Reynolds,USA,922
Yunqi Ouyang (欧阳韵奇),China,920
Meng-Yi Li (李孟一),Taiwan,920
Mattheo de Wit,Netherlands,919
Laura Ohrndorf,Germany,919
Grigoriy Barashkin,Russia,918
Ruimin Yan (颜瑞民),China,918
Anders Berggren,Sweden,918
Akihiro Ishida (石田朗大),Japan,916
Jerry Jiang,New Zealand,916
Sebastian Outh-Aut,Australia,915
Harry Savage,United Kingdom,915
Raymond Goslow,USA,914
Wong Chong Wen (黄崇文),Singapore,914
Wei Dong (董唯),China,913
Adrian Dębski,Poland,912
Karol Zakrzewski,Poland,911
Jonathan Pang,Australia,911
Aleksandr Beznogov,Russia,911
Tomohiro Kobayashi (小林知広),Japan,910
Anderson Alessandro Pavia,Brazil,910
Benjamin Warry,Australia,910
Carlos Rill Garcia,Mexico,909
Alessandro Nicolì,Italy,908
Nikhil Soares,India,908
Ho Hsieh (謝合),Taiwan,908
Sam Sieracki,Australia,908
Quentin Rivault,France,908
Lev Aronov,Russia,906
Gerard McGinley,Australia,904
Lauren Klemz,USA,903
Lanshi Zhang (张岚石),China,903
Suraj Karthik Lal Rajkumaralal,Singapore,902
Hsiang-Cheng Kan (闞祥誠),Taiwan,900
Niko Ronkainen,Finland,900
Marlon de V. Marques,Brazil,900
Alexandre Henrique Afonso Campos,Brazil,898
Lennon Hughes,Australia,898
Arisandra Soo,Australia,898
Yunliang Zhang (张赟量),China,897
Pavlo Bondar (Павло Бондар),Ukraine,896
Kerry Creech,USA,896
Oscar Watson,Australia,895
Benjamin Gottschalk,USA,895
Amy Smith,Australia,894
Marcos Meibel Corral Murillo,Mexico,894
Justin Choi,USA,894
Bradley Sampson,USA,893
Arthur Hansford,Australia,892
Stanley Chapel,USA,892
Maosheng Chen (陈茂盛),China,891
Bartosz Karpiński,Poland,891
Evan Liu,USA,890
Ryan DeLine,USA,889
Jens Grieme,Germany,888
Choi Hyo-jin (최효진),Korea,888
Joey Stahl,USA,888
Rasmus Händén,Sweden,888
Nicolas Gertner,France,887
Tom Nelson,New Zealand,887
Dmitry Dobrjakov,Russia,887
Alaik Bhatia,India,886
Yi-Chun Chen (陳奕均),Taiwan,885
Sebastiano Tronto,Italy,885
Teh Keng Foo (郑庆富),Malaysia,885
Marcel Ručigaj,Slovenia,885
Parth Chhugani,India,885
Ying Lin (林颖),China,885
Evgeniy Kushnir,Russia,884
Adrián Ramírez,Guatemala,884
Weijie Jian (简维杰),China,884
Kim Roger Høyland Larsen,Norway,883
Gleiciano Cosmo Santos,Brazil,883
Sameer Aggarwal,USA,882
Burak Erdil Biçer,Turkey,882
AJ Kamal,USA,881
Yinhao Ding,Australia,880
Theo Iván Goluboff,Argentina,880
David Pearce,Australia,880
Michael Young,USA,879
Karam Al-Robaie,United Kingdom,879
Ang Chin Zhen (洪靖程),Malaysia,878
Ethan Pride,Australia,878
Stepan Anisimov (Степан Анисимов),Russia,877
Yi-Wei Chen (陳奕瑋),Taiwan,877
Rūdolfs Vīnkalns,Latvia,877
Dakota Akarlilar,USA,876
Charlie Stark,United Kingdom,876
Lars Vennike Nielsson,Denmark,876
Tianze Xu (徐天泽),China,876
Ethan Stevens,Australia,875
Vladyslav Zhydkov (Владислав Жидков),Ukraine,875
Azael Toysehua,Mexico,874
Ruslan Kazin (Руслан Казин),Kazakhstan,874
Eshiel Narayanan,Australia,873
Mok Man Kit (莫文傑),Hong Kong,873
Jan Riedl,Czech Republic,872
Lucas Buckley,Australia,872
Mikhail Ivashechkin,Russia,871
Lorenzo Layug,Philippines,871
Toshiaki Ishikura (石倉寿秋),Japan,870
Trần Đăng Quang,Vietnam,870
Wojciech Szatanowski,Poland,870
Sergey Marin (Сергей Марьин),Russia,869
Yifan Wang (王逸帆),China,869
Michael Nielsen,USA,869
Cole Campbell,New Zealand,869
Yuji Yoshida,Philippines,869
Andrey Che,Russia,869
Jason White,USA,869
Ben Coppin,United Kingdom,869
Linus Frész,Germany,868
Andrey da Conceição Santos,Brazil,868
Gustavo Vaz Costa,Brazil,867
Albert Sandru,USA,867
Murillo Gomes Otero,Brazil,866
Aquila Janoschka,Australia,866
DongSu Park (박동수),Korea,866
Benjamin Bucksmith,New Zealand,866
Sergey Kotylo (Сергей Котыло),Russia,865
Ilkyoo Choi (최일규),Korea,863
Max Xiong (熊锐明),China,863
Ming Zheng (郑鸣),China,863
Pavel Galaktionov,Russia,862
Eli Jay,United Kingdom,862
Malte Ihlefeld,Germany,861
Kieran Murphy,Australia,861
Danila Ryabinin,Russia,860
Xingyu Wu (伍星宇),China,860
Edward Connell,Ireland,860
Anqi Yu,Bulgaria,859
Dale Stephen M. Palmares,Philippines,858
Andreas Pohl,Germany,858
Noah Kraft,Germany,858
Yan-Jou Lin (林彥州),Taiwan,857
Nikita Razzamazov (Никита Раззама́зов),Russia,857
Konstantin Solovev (Константин Соловьёв),Russia,857
Bautista Bonazzola,Argentina,856
Shuhei Omura (大村周平),Japan,856
Marcus Kamen,USA,856
Glib Vedmid,Ukraine,855
Helmer Ewert,Sweden,855
George Scholey,United Kingdom,855
Aamir Saifee,India,854
Gael Augusto Lapeyre,Argentina,853
Simon Kellum,USA,853
Yerkin Assylbek,Kazakhstan,853
Xiaohu Xu (胥啸虎),China,852
Yen-Pin Xiao (蕭彥平),Taiwan,852
Ng Jia Quan (黄佳铨),Malaysia,852
Oscar Nieto,Colombia,852
David Arzamastsev,Russia,852
Chris Hardwick,USA,852
Viktor Zenk,Sweden,851
James Stephan,Australia,851
Linus Laurén,Finland,850
David McLean,Australia,850
Carl Emil Exner,Denmark,850
Ruohan Qiu (邱若寒),China,850
Cheng-Ru Yang,New Zealand,850
Marcel Peters,Germany,849
Elijah Brown,USA,849
Kevin Matthews,Canada,849
Magdalena Pabisz,Poland,848
Daniel Lehwing,Brazil,847
Matěj Grohmann,Czech Republic,847
Baocheng Wu (吴宝城),China,846
Xinyun Chen (陈新运),China,846
Jēkabs Janovs,Latvia,846
Jr-Wei Jang (張智瑋),Taiwan,845
Joaquin Ruenes Hernández,Mexico,845
Samuel Tie,Australia,844
Tristan Chua Yong,Singapore,844
Ivan Kovach (Іван Ковач),Ukraine,842
Hongyuan Tang (唐鸿远),China,842
Max Lumpkin,Australia,842
Alexis Fedeler,Germany,840
Maxim Ilin,Russia,840
Darcy Andrikonis,Australia,840
Timo Norrkniivilä,Finland,840
Piotr Kózka,Poland,839
Michael Conard,USA,839
Zayabaatar Batbayr,Mongolia,838
Sukant Koul,India,838
Jaden Lim,Philippines,838
Margot Audero,USA,838
Joshua Feran,USA,837
Mohammad Tanvir Anjum Zenith,Bangladesh,837
Ekaterina Soboleva (Екатерина Соболева),Russia,836
Xingkai Yin (尹星凯),China,835
Yashwardhan Budhiraja,India,835
Ming Dao Ting,Australia,835
Javier Armando Cruz Santos,Honduras,834
Luiz Fellipe Oliuza Leal Silva,Brazil,834
Bill Hammill,United Kingdom,834
Frederiks Rūdolfs Kronbergs,Latvia,834
Daniel Escobar,Guatemala,834
Nathan Mugera,Australia,833
Ishaan Lal,USA,833
Calvin Nielson,USA,833
Da-Yeong Kim (김다영),Korea,833
Luka Jankovic,Serbia,832
Markus Pirzer,Germany,832
Jasper Murray,New Zealand,832
Jhonatan Caicedo,Ecuador,832
Aadarsh Madhavan,India,832
Jaidyn Johnston,Australia,832
Xiaobo Jin (金晓波),China,831
Valeriy Sluchek,Russia,831
Connor Yungbluth,USA,831
Ewsey Obzherin,Russia,830
Oleg Gritsenko,Russia,829
Frederico Canal Gomes,Brazil,829
Byegarys Jandaulyet,Mongolia,828
Dawid Wójcik,Poland,828
Tiannan Wang (王天南),China,828
James Holdsworth,Australia,828
Aset Agabekov (Асет Агабеков),Kazakhstan,828
Ilya Epifanov,Russia,827
Liuyuan Geng (耿留远),China,827
Bence Barát,Hungary,827
Diego Meneghetti,Brazil,827
Pavel Zherebtsov (Павел Жеребцов),Russia,826
Stian Nystad Østli,Norway,826
Nien-Ping Chen (陳念平),Taiwan,826
Aston Culf,Australia,826
Martin Angelo Damasin,Philippines,826
Ryan Pilat,USA,826
Zhe Wang (王哲),China,824
Naren Ramesh,India,824
Michał Krasowski,Poland,824
Dadhania Het,India,824
Diego Alejandro Casas Jimenez,Colombia,823
Anukun Supcharoenkun (อนุกูล ทรัพย์เจริญกุล),Thailand,823
Lucas Hansen,Denmark,823
Sam van Vliet,Australia,823
Mikus Lembergs,Latvia,822
Esra Mehmedova,Bulgaria,822
Benjamin Paul,Australia,821
Darren Siew Ee Yaang (蕭奕暘),Malaysia,821
Valeriy Kurbatov,Russia,821
Jason Harley,United Kingdom,821
Stanislav Shleev,Russia,821
Xujia Lei (雷旭嘉),China,820
Kuo-Hau Wu (吳國豪),Taiwan,820
Steve Greer,USA,820
Viacheslav Nartokov (Вячеслав Нартоков),Russia,819
Kyuwon Kyung (경규원),Korea,819
Jack Stewart,USA,818
Shrijan Pal,India,818
Bryan Eng,Australia,818
Soumya Dasgupta,India,818
Gustav Wälivaara,Sweden,817
Mengfei Shen (沈梦非),China,817
Benjamin Christie,USA,817
Muhammad Syahmi,Malaysia,817
Sean Hartman,USA,817
Dmitrii Saukov (Дмитрий Сауков),Russia,816
Kittatam Saisaard,Australia,816
Gabriele Cappelletti,Italy,816
Aaron Spiller,Australia,815
Adam Dums,USA,815
Zheng Qiao (乔政),China,815
Vincenzo Maria Gammino,Italy,815
Rodrigo Zarate,Peru,814
Nikita Loika,Belarus,814
Bauyrzhan Zhandossuly (Бауыржан Жандосұлы),Kazakhstan,812
Leo Min-Bedford,Canada,812
Levente Swanepoel,New Zealand,812
Fabio Bini Graciose,Brazil,811
Junliang Chen (陈俊良),China,811
Danil Kotenkov (Данил Котенков),Russia,811
Lucas Gulemirian,France,811
Will Russo,USA,811
Claudio Bentivoglio,Italy,811
Abhijeet Ghodgaonkar,India,810
William Tao,Australia,810
Brody Lassner,USA,810
Jack Pfeifer,USA,809
Andrey Kolevatykh (Андрей Колеватых),Russia,809
Tripp Peters,USA,809
Kymberlyn Calderon,USA,809
Ben Whitmore,United Kingdom,809
Lee Zhi Xuan,Malaysia,808
Vasco Vasconcelos,Portugal,808
Simone Ohler,Germany,808
Yu-Kuan Chang (張宇寬),Taiwan,807
Pengji Li (李棚吉),China,807
Tanay Kapadia,India,807
Dominik Vidaković,Croatia,805
Andrey Mrinskiy (Андрей Мринский),Russia,805
Caleb Clark,Australia,804
Anunak Roy,India,804
Anjal Timsina,Nepal,804
Jonathan O'Neill,Australia,804
Dallas McNeil,Australia,803
Bogdan Grigoruţă,Romania,803
Toby Waters,USA,802
Ömer Çetinkaya,Turkey,802
Tobias Peter,Switzerland,802
Aaron Do,USA,802
Ben Ridley,United Kingdom,802
Mingzhi Da (达明志),China,801
Roy Tamir,Israel,801
Aaditya Sikder,Bangladesh,801
Swami Srinivasan,Australia,801
Manuel Bühler,Switzerland,801
Viktor Rudnev (Виктор Руднев),Russia,799
Yu-Hsuan Chang (張祐瑄),Taiwan,799
Oliver Wheat,United Kingdom,799
Jinzhou Huang (黄金洲),China,799
Eduardo Antonio Lara Martínez,Mexico,798
Sujai Shakthivel,India,798
Andrew Tan Jing Bang,Singapore,798
Vladislav Shurshilin,Russia,798
Kenneth Tran,Norway,797
Theodore Brown,Australia,797
Przemysław Kruczek,Poland,797
Adel Mosallami,Philippines,797
Linxiao Xu (徐林霄),China,796
Xinyue Meng (孟心悦),China,795
Matthew Sieredzinski,Australia,795
Zhantuar Zholdasov (Жантуар Жолдасов),Kazakhstan,795
Dhruv Arora,India,795
Evgeniy Mazhara,Russia,794
Owen Widdis,USA,794
Daniel Alejandro Cruz Tunubalá,Colombia,794
Katie Hull,USA,794
Isaac M. Farnsworth,USA,793
Lee Stanton-Barnett,New Zealand,793
Marcus Ritchie,Australia,793
Shao-Heng Hung (洪紹恆),Taiwan,793
Noah De Almeida-Toth,Hungary,793
Andrei Solntsev,Estonia,792
Ilyas Arystanbekov (Ильяс Арыстанбеков),Kazakhstan,792
Antonie Paterakis,Greece,792
Edgar Elevado Jr.,Philippines,792
Felipe Cardim,Brazil,792
Ramon Eduardo Yip Yip,Honduras,791
Lichao Liu (刘立超),China,791
Henri Gerber,Germany,791
Dániel Varga,Hungary,791
Aarin Manik,United Kingdom,790
Timothy Lawrance,South Africa,790
Ivan Khvatov (Иван Хватов),Russia,790
Tamara Macadam,Australia,790
Tiancai Zhu (朱田才),China,790
Theo Daniel Gallegos Cuevas,Mexico,789
Sean Moran,United Kingdom,789
Gabriel Santiago Velez Gonzalez,Colombia,789
Ivan Miletić,Serbia,789
Bhargav Narasimhan,India,789
Artyom Martirosov,Russia,789
Arkadiusz Abramowski,Poland,788
Egor Afanasenko (Егор Афанасенко),Russia,788
Shriansh Deb,India,788
Christian Gingrich,USA,788
Haydn McLennan,Australia,787
Aral Askarov,Kazakhstan,786
Carlos Joaquín Sánchez Oliva,Mexico,786
Henry Savich,USA,786
João Pedro Batista Ribeiro Costa,Brazil,785
David Beugnon,USA,785
Ethan Pan,New Zealand,785
Chengming Su (苏成明),China,784
Niklas Aasen Eliasson,Norway,784
GyeongTae Park (박경태),Korea,784
Rodrigo Ugarte,Bolivia,784
Manuel Prieto de Antón,Spain,784
Sean Weatherley,Australia,783
Lee Hoween,Malaysia,783
Kenny Zhong,Canada,782
Bokang Peng (彭博康),China,782
Ben Kirby,New Zealand,782
Alexander Botz,Germany,782
Zibo Xu (徐子博),China,781
Manuel José Domínguez Ávila,Guatemala,781
Pietro Furbatto,Italy,781
Christopher Baird,USA,781
Matthew Arca,USA,780
Acar Gök,Turkey,780
Shubham Maharana,India,780
Mustafa Berke Özcan,Turkey,780
Clyde Dencer Tutor,Philippines,779
Patrick Fischer,USA,778
Jin-Yu Lin (林進裕),Taiwan,778
Tomáš Nguyen,Vietnam,778
Jinseo Hong,Korea,778
Stephen Griggs,USA,778
Mark Ding,Australia,778
Caleb Salcedo Rivera,Ecuador,777
Kyle Santucci,Canada,777
Nipun Kisari,USA,777
Yikuan Kan (阚亦宽),China,777
Alikhan Yertursyn (Алихан Ертурсын),Kazakhstan,776
Olivier van Luijk,Netherlands,776
Luc Harvey,Australia,776
Daniel Mullen,USA,776
Daniel Evans,United Kingdom,775
Ben Zoller,USA,775
Cameron Stollery,Australia,775
Leon Tran,Australia,775
Adam Ahmad,USA,774
Muhammed Enes Ertaş,Turkey,774
Yu Feng (冯煜),China,774
Guus Razoux Schultz,Netherlands,773
Yizhou Wang (王翼洲),China,773
Jode Brewster,Australia,773
Wayne Pi,Taiwan,771
José Leonardo Chaparro Prieto,Colombia,771
Viktor Kalmar,Austria,771
Arifumi Fushimi (伏見有史),Japan,771
Shihao Ou (欧世浩),China,770
Alex Lamont,USA,770
Vyacheslav Kochergin (Вячеслав Кочергин),Russia,770
Mark Smirnov (Марк Смирнов),Russia,770
Michael Edmonds,Australia,770
Ankan Das,India,770
Kevin Gerhardt,Germany,770
Luigi Soriano,USA,769
Oliver Fritz,Germany,769
Chengyang Song (宋成阳),China,769
Liew Yee Voon (劉倚文),Malaysia,769
Cedric Meysing,Germany,769
Alexandre Carlier,France,769
Jack Beckett,Australia,769
Bogdan Pominov (Богдан Поминов),Russia,769
Mikela Elleby Jørgensen,Denmark,768
Bilguun Batjargal,Mongolia,768
Luis David Hernández Mejía,Honduras,768
Weikang Zheng (郑炜康),China,768
Łukasz Dubicki,Poland,768
Imants Liepiņš,Latvia,767
Ben Stokes,United Kingdom,766
Can Çetin,Turkey,766
Adil Rakhimzhanov (Адиль Рахимжанов),Kazakhstan,765
Alejandro Daniel Salceda Corvera,Mexico,765
Leong Ming Jun,Malaysia,765
Konstantin Jaehne,Germany,765
Andres Rodriguez,USA,764
Artem Lukin (Артём Лукин),Russia,764
Aprilia Oon,Australia,764
Hanns Hub,Germany,764
Sergelenbat Nymdorj,Mongolia,763
Daniel Goodman,USA,763
Sandy Aaron Jones,France,763
Han Wu (吳翰),Taiwan,762
Dávid Balog,Hungary,762
Jacob Nobili,USA,762
Tymon Mieszkowski,New Zealand,762
Ryland Wilson,USA,762
Hargun Singh Tikku,India,761
Erik Kippus,Estonia,761
Kaijun Lin (林恺俊),China,761
Łukasz Burliga,Poland,761
Andreas Lambropoulos,USA,761
Ram Thakkar,India,761
Min Cao (曹敏),China,760
Sora Sato,Australia,760
Earl Bien D. Celestino,Philippines,760
Michael Asuzano,USA,760
Carl Joshua Garcia,Philippines,760
Timur Imanov,Russia,760
Mihai Căpăţinescu,Romania,759
Myagmardorj Ulziijargal (Өлзийжаргал Мягмардорж),Mongolia,759
Lucas Tomas Pérez,Argentina,759
Joseph Presa,USA,759
Ben Baron,Israel,758
Elliott Perkins,USA,758
Dmitriy Malahov (Дмитрий Малахов),Russia,758
Vladyslav Hryniuk (Владислав Гринюк),Ukraine,758
Fyodor Borisov,Russia,758
Tee Kai Yang,Malaysia,758
Yash Mehta,India,758
Heng Wu (吴桁),China,758
Linus Buck,Germany,757
Louis Cormier,Canada,757
Adit Shah,USA,757
Tyler Robinson,USA,757
Anael Champion,France,756
Preston Duke,USA,756
Kacper Gałczyk,Poland,756
Georel Ulangkaya,Philippines,756
Trevor Schepanski,USA,756
Matthew Cook,Australia,755
Taosif Amin Sahil,Bangladesh,755
Amir Murzakarimov (Амир Мурзакаримов),Kazakhstan,755
Gustavo Kenzo Araki Takechi,Brazil,755
Lee Jia Yong (李伽榮),Malaysia,754
Jiaqing Zhang (章家卿),China,754
Nitheesh Kumar Elangovan,India,754
Reto Bubendorf,Switzerland,753
Ryan Paroz,Australia,753
Gert-Jan Broere,Netherlands,753
Dmitriy Tupis (Дмитрий Ту́пис),Russia,753
Vyacheslav Sizov,Russia,752
Benson Lau,Canada,752
Matic Omulec,Slovenia,752
Phoenix Patterson,Australia,752
Brandon Lin,USA,752
Artur Yuldashov (Артур Юлдашов),Kazakhstan,752
Vasu Gondaliya,India,752
Justin He,Australia,752
Valentin Mallavia,Argentina,751
Angel Torres Perez,Mexico,751
Patrick Kleverlaan,Australia,751
Jonathan Esparaz,Canada,751
Abror Abduazizov,Uzbekistan,751
Jiashun Wu (吴嘉顺),China,751
Cormac Farrell,United Kingdom,751
Knut Skaug Haraldsen,Norway,751
Fabian Settelen,Switzerland,750
Nav Srijan,India,750
Lim Chun Yik,Malaysia,750
Lucas Fauci Bassarsky,Argentina,749
Kornél Vermes,Hungary,749
Ke Fan (樊柯),China,749
Taha Ben Salah,Tunisia,748
Ahmet Çınar Ablak,Turkey,748
Carlos Méndez García-Barroso,Spain,748
Artem Kulikov (Артём Куликов),Russia,748
Erik Jernqvist,Sweden,748
Farid Mikhailov,Kazakhstan,748
Christopher Chi,USA,748
Langston Johnson,USA,748
Joaquin Abarca,Canada,747
Tommy Szeliga,USA,747
Vladislav Syrov,Russia,747
Juliette Sébastien,France,747
Alex Maass,USA,747
Ömer Furkan Günler,Turkey,747
Rahul Venkatesan,India,747
Byron Gronning,Australia,746
Steven Wintringham,USA,746
Einar Kvam Lundberg,Norway,746
Aleksandr Laptev (Александр Лаптев),Russia,746
Grigoriy Shumakov,Russia,746
Daniil Lukin (Данил Лукин),Russia,746
Emmet Hobbs,Australia,746
Angel Jesus Panebra Rodriguez,Peru,746
Jacob McGruddy,Australia,745
Vitor Varjão Chiang,Brazil,745
David Graham,USA,745
Niclas Mach,Germany,745
Satoru Umetsu (梅津諭),Japan,744
James Molloy,United Kingdom,744
Maxim Zhulin,USA,744
Aarnav Katru,Australia,744
Adrián Martínez Macías,Spain,744
Alex Niedland,USA,744
Damián Campos,Argentina,744
Timothy Loh,Australia,744
Timur Kabizhanov (Тимур Кабижанов),Kazakhstan,744
Tanzer Balimtas,USA,744
Gerardo Varela,Honduras,743
Hamish Chapple,United Kingdom,743
Ivan Polukarov,Russia,743
Matthew Prestwich,United Kingdom,743
Chung-Yao Chiang (江仲堯),Taiwan,742
Lorenzo Mauro,Italy,742
Gustavo Dutra Santolin,Brazil,742
Christian König,Germany,742
Samuel Hernandez Castro,Mexico,742
John Gaynor,USA,742
Deacon Gale,USA,742
Bárbara Guerra Ribeiro,Brazil,742
Yan Xuan (宣炎),China,742
Vansham Pandya,India,741
Paul Taylor,USA,741
Tong Zhu (朱彤),China,740
Jesús Fernando Castelán Gómez,Mexico,740
Alon Ron,Israel,740
Feruz Gulomov,Uzbekistan,740
Alexander Bidstrup Vilhelmsen,Denmark,739
Alexey Kislovskiy,Russia,739
Olivera Radovanović,Serbia,739
Riley Workman,USA,738
Luke Heath-Edwards,New Zealand,738
Jiankang Li (李建康),China,738
Ronny Morocho,Ecuador,738
Dongzhe Li (李东哲),China,737
Laurids Abelsen Holm,Denmark,737
Dmytro Rezhko (Дмитро Режко),Ukraine,737
Hugo Carter,New Zealand,737
Jhon Edinson Arias Parra,Colombia,737
Rafał Waryszak,Poland,736
Tucker Chamberlain,USA,736
Brenton Angelo Lo Wong,Philippines,735
Loic Chiang,Singapore,735
Wang Junwen (王俊文),Malaysia,734
Alexey Zakharov (Алексей Захаров),Russia,734
Berk Rende,Turkey,734
Asia Konvittayayotin (เอเชีย กรวิทยโยธิน),Thailand,734
Gaurav Bachani,India,734
Mark Rivers,United Kingdom,734
Max Hahnbück,Germany,734
Yaroslav Usmanov (Ярослав Усманов),Kazakhstan,734
Jessica Moens,Belgium,733
Giovanni Tanaka (陈华安),Indonesia,733
Ilya Tsiareshka,Belarus,733
Sei Sugama (洲鎌星),Japan,732
Alimzhan Kenesbek (Алимжан Кенесбек),Kazakhstan,732
Clancy Caster,USA,732
Lee Yu Zhe,Singapore,732
Federico De Paoli,Italy,732
John Brubaker,USA,732
Ahmad Kamil Ihsan Bin Ikhwan,Malaysia,732
Marcin Stachura,Poland,732
Alberto Pérez de Rada Fiol,Spain,731
Josiah Samuel Saysombath,USA,731
Semen Murzin (Семён Мурзин),Russia,731
Nikolas Alejandro Rivadeneira Farinango,Ecuador,731
Chan Hui Tung (陳許瞳),Hong Kong,731
Tommy Cherry,USA,731
Yangshuo Teng (滕仰硕),China,730
Alwin Rölz,Switzerland,730
Danila Lebedev (Данила Лебедев),Russia,730
Yul-Hok Sung (성열학),Korea,730
Wilson Alvis (陈智胜),Indonesia,730
Jordan Minter,Australia,730
Erik Subirats,Spain,730
Ivan Vinogradov,Belarus,730
Abner Philip Then Yi Hao (邓奕浩),Malaysia,729
Jānis Zirnis,Latvia,729
Josué Esteban Bacilio Chicoma,Peru,729
Jonathan Hamstad,Norway,729
Brandon Poulton,United Kingdom,729
Tyler Schepanski,USA,729
Joey Cavanagh,Australia,728
Guohui Yan (闫国惠),China,728
Yatish Taneja,India,728
Leonardo Ezequiel Cruz,Argentina,728
Stepan Makarenko,Russia,728
Dennis Rosero,Colombia,728
Bo-Yu Lin (林柏佑),Taiwan,728
Gabriel Marczak,Poland,728
Timothy Townley,USA,727
Christopher Sun,USA,727
Erick Tian,Canada,727
Heejun Kim (김희준),Korea,727
Szymon Nowak,Poland,727
Aldric Woo,Australia,727
Aritra Bose,India,727
Alexey Yarygin,Russia,727
Vilius Ribinskas,Lithuania,726
Ivan Byvshenko (Иван Бывшенко),Russia,726
John Hornacek,USA,726
Pedro Santos Guimarães,Brazil,726
Sam Spendla,United Kingdom,726
Adam Swaine,United Kingdom,726
Wan-Ying Chen (陳婉瑩),Taiwan,725
Noah Bilski,South Africa,725
Mario Laurent,France,725
Viljo Elo,Finland,724
Peter McNamara,Australia,724
Volodymyr Hnidko (Володимир Гнідко),Ukraine,724
Serhii Mormul (Сергій Мормуль),Ukraine,724
Ahnaf Uddin Rafid,Bangladesh,724
Pau Vela García,Spain,724
Igor Aipkin,Uzbekistan,724
Ilkham Abaydullaev (Ильхам Абайдуллаев),Kazakhstan,723
Tao Yu (喻韬),China,723
Simon Westlund,Sweden,723
Alex Davani,USA,723
Edward Vakula,USA,723
Roberto Bentivoglio,Italy,722
Alexei Sinyavin,USA,722
Henry Rusten,USA,722
Hill Pong Yong Feng,Malaysia,722
Ruslan Morozov,Russia,722
Lauren Phung,USA,722
Umut Coşan,Turkey,721
Jeremy Collins,USA,721
Andrés Irías Li,Costa Rica,721
Nipat Charoenpholphant (นิพัฒน์ เจริญพลพันธุ์),Thailand,721
János Bereczki,Romania,721
Ander Sevilla Hernández,Spain,721
Alex Agranov,USA,720
Aaikham Borgohain,India,720
Vladislav Evpolov (Владислав Евполов),Kazakhstan,720
Andrey Panov (Андрей Панов),Russia,720
Andrew Do,Australia,720
Benjamin Sanchez Magaña,Mexico,719
Owen Kwasniewski,Canada,719
Amelie Dieterich,Germany,719
Gabriel Barrios,Guatemala,719
Alexander Mutch,Canada,718
Carter Golda,USA,718
James Matthew Young,Philippines,718
Theodor Nordstrand,Sweden,718
Zeke Mackay,USA,718
Mattias Uvesten,Sweden,717
Jared Stinson,USA,717
Keenan Darkins,USA,717
Huiyuan Wang (王汇元),China,717
Chloe Lee Synn Yii,Malaysia,716
Marius Wuth,Germany,716
Alejandro Riveiro Rodríguez,Spain,716
Zuhayr Muhammad Haq,Australia,715
Tommaso Raposio,Italy,714
Darren Tang,Canada,714
Stirling Edward Smith,Australia,714
Michał Pleskowicz,Poland,714
Timothy Castle,USA,714
Juan Carlos Boquín Izaguirre,Honduras,714
Liang Chen (陈樑),China,714
Denis Barilov,Russia,713
Sebastian Bock,Australia,713
Illia Kozlov (Ілля Козлов),Ukraine,713
Hudson Akarlilar,USA,712
Theo Hall,United Kingdom,712
Gabriel Silva dos Santos,Brazil,712
Matthew Mehta,USA,712
Federico Borgogni,Italy,712
Mikhail Glazov (Михаил Глазов),Russia,712
Lewis Isom,USA,712
Emil Van Ilmari Nguyen Tornudd,USA,711
Adam Collier,USA,711
Ke Zhou (周科),China,711
Diana Murnik,Russia,711
Filip Szostak,Poland,711
Dhruv Battu,New Zealand,711
Mutlu Özçelebi,Turkey,710
Clément Cherblanc,France,710
Timur Kononov (Тимур Кононов),Russia,710
Ziqi Li (李子祺),China,710
Laura Holzhauer,Germany,710
Geovanny Cueva,Ecuador,710
Scott Froggatt,Ireland,710
Lorenzo Vigani Poli,Italy,709
Andrew Nguyen,Canada,708
Yee Wen Foo,Malaysia,708
Dmytro Nashchochych (Дмитро Нащочич),Ukraine,708
Louis-Marie Ratto,France,708
Guilherme Santana Campos,Brazil,708
Silas Kampp Richter Lassen,Denmark,708
Chris Deng,USA,708
Graham Siggins,USA,708
Nitesh Kumar,India,708
Cory Yurkovic,USA,708
Abylai Orazalin (Абылай Оразалин),Kazakhstan,707
Tamerlan Bagdatov,Kazakhstan,707
James Golding,United Kingdom,707
Christian Smedegaard,Denmark,707
Dawid Gołębiowski,Poland,707
Leonard Wetzel,Germany,707
Samuel Kro,Norway,706
Adriel Wiebe,USA,706
Mark Boyanowski,USA,706
Nathan Dwyer,USA,706
Darren Saito,USA,706
Mingxuan Ni (倪铭轩),China,706
Kanting Shi (史勘霆),China,706
Alexander Persaud,USA,705
Michael Mehta,USA,705
Agustín Bernasconi,Argentina,705
Mikhail Kuzin,Russia,705
Brian Nguyen,Australia,705
Joseph Daniel Blas Sanchez,Bolivia,704
Brandon Pierel,USA,704
Daniel Tidsey,United Kingdom,704
Samuel Fang,USA,704
Arcadio Soriano Velázquez,Mexico,704
Mantas Žemaitis,Lithuania,704
David Vujasić,Croatia,704
Alexis Rodrigo Cazu Mendoza,Mexico,703
Ziheng Wang (王子恒),China,703
Ace Djun T. Aguirre Jr.,Philippines,703
Jakub Bartos,Poland,703
Ryan Pin Harry,Canada,703
Ayush Patnaik,India,702
Cheng-Yu Hsieh (謝承諭),Taiwan,702
Martín Rafael Orué Aguilera,Paraguay,702
Davi Nogueira Massariol,Brazil,702
Luis Kleinheinz,Germany,702
Nikola Pavlovski,Bulgaria,702
Matteo Colombo,Italy,702
Sarah Haag,Germany,701
Artem Konotopchyk (Артем Конотопчик),Ukraine,701
Aavav Srivastava,India,701
Damon Khoo,Canada,701
Tiago Akihiro Fujita,Brazil,701
Robert Antal,Netherlands,701
Osip Cheburashkin,Russia,700
Zachary White,USA,700
Mannessah Kani,Australia,700
Luis Angel Huerta Barrales,Mexico,699
Liam Brown,Australia,699
Roy Lee,USA,699
Piotr Ochal,Poland,698
Daniel Ortega Pastor,Spain,698
Riley Woo,USA,697
Lexiaojie Ni (倪乐晓杰),China,697
Oliver Fisk,United Kingdom,697
Mathias Søndergaard Byrne,Denmark,697
Pavlo Huk (Павло Гук),Ukraine,697
Nicolas Zerbinopoulos,USA,697
Yelysei Hovorun (Єлисей Говорун),Ukraine,697
Graham Gardner,USA,696
Joseph Williams,United Kingdom,696
Ernur Ersayynov,Kazakhstan,696
István Kocza,Hungary,696
Roberts Dreijers,Latvia,696
Tianping Ding (丁天平),China,695
Ethan Jan,USA,695
Remo Pihel,Estonia,695
Bence János Csuti,Hungary,695
Kayle Dharmadasa,Australia,695
Nilesh Saini,India,695
Igor Kolosov (Игорь Колосов),Russia,695
Mihail Stoicescu,Romania,695
Shawn Poh,Malaysia,695
Bruno Dias de Vasconcelos,Brazil,695
Maoxuan Chen (陈茂轩),China,694
Konstantin Kuznetsov (Константин Кузнецов),Russia,694
Jolina Chen,Australia,694
Aziz Olzhagali (Азиз Олжагали),Kazakhstan,694
Jeff Miao,China,694
Emilio Alberto Rodríguez Jiménez,Mexico,694
Jay Chetan Patel,India,694
Emile Compion,South Africa,694
Yunzhou Zhu (朱云舟),China,694
Mohammad Siwom Chowdhury,Bangladesh,693
Aleksei Ushachev,Russia,693
Alberto Arturo Ayllón Bustos,Bolivia,693
Robert Mapp IV,USA,693
Samir Homsi,Turkey,693
Utku Bayhan,Turkey,692
Manuel Gutman,Argentina,692
Daniel Karnaukh,USA,692
Aaron Scarpati Curin,Argentina,692
Chris Mills,United Kingdom,692
Erlend Ektvedt Fredriksen,Norway,691
Angel Armando Jaime Sánchez,Mexico,691
Clara Lafourcade,France,691
Illia Honcharuk (Ілля Гончарук),Ukraine,691
Oscar Paul Mamani Oscalla,Peru,691
Jakub Grynia,Poland,691
Carter Bitz,USA,691
Conlan Trace,USA,691
Zihan Wang (王子涵),China,691
Joseph Pasterski,USA,690
Yoni Strassberg,Israel,690
Erik Cheng (鄭聿軒),USA,690
Jikai Li (李继凯),China,690
Alexandru Ioan Popescu,Romania,689
Matej Marković,Croatia,689
Charlie Molerio,USA,689
Derek Kong,Canada,689
Hector David Martinez Argaez,Colombia,688
Aedan Bryant,USA,688
David Madigan,USA,688
Alex Loor,Ecuador,688
Daniel Hauck,Germany,687
Jacob Oliver Bruun,Norway,687
Shenjie Zhu (朱申杰),China,686
Irina Yarygina,Russia,686
Mikhail Andreev,Russia,686
Spondon Nath,India,686
Jami Viljanen,Finland,686
Aleksa Radovanović,Serbia,686
Yuhei Takagi (高木佑平),Japan,685
Noah Feld,USA,685
Eleanor Shiels,Australia,684
Orion Moore,USA,684
Pablo Osvaldo Cruz León,Mexico,684
Roan Paone,Canada,684
Joel Lundström,Sweden,684
Tomáš Zatroch,Slovakia,684
Kentaro Nishi (西賢太郎),Japan,684
Austin Jensen,Canada,684
Juguang Gu (顾炬光),China,684
Miika Rosvall,Finland,683
Yiqun Fan (樊轶群),China,683
Shawn Boucke,USA,683
Orkun Efe Dahar,Turkey,683
James Tyrrell,Ireland,683
Kalina Brzezińska,Poland,682
Simone Canova,Italy,682
Divij Yadav,India,682
Laurent Reynaud,France,682
Paxton Bennison,Australia,681
Max Siauw,USA,681
Xiang Li (李响),China,681
Luis Alonso Inestroza Henriquez,El Salvador,681
Nikita Nifatov (Никита Нифатов),Russia,681
Cooper Campbell,USA,681
Olzhasbek Zhakenov (Олжасбек Жакенов),Kazakhstan,681
Rafael Chowindra,Indonesia,681
Shlomo Ben Shalom,Israel,681
Spencer Chubb,USA,681
Vladislav Korovin (Владислав Коровин),Russia,681
Philippe Virouleau,France,681
Xin Shi (石欣),China,681
Dorian Ernesto Rosales Rodriguez,Honduras,681
Samantha Fincannon,USA,680
Heike Zbierski,Germany,680
Dmitriy Prikhodko (Дмитрий Приходько),Russia,680
Sarthak Mayur Bhagia,India,680
Mike Hughey,USA,680
Ernesto Sebastián Portillo Aldana,Mexico,680
Ruslan Chayka,Russia,679
Camden Morgan,USA,679
Dmitry Lavrov,Russia,679
