name,country,222
Zayn Khanani,USA,1396
Alexey Tsvetkov,Russia,1353
Sebastian Williams,United Kingdom,1346
Martin Vædele Egdal,Denmark,1345
Sam Sieracki,Australia,1329
Tymon Kolasiński,Poland,1321
Leo Lindqvist,Sweden,1310
Jonathan Charlesworth,Australia,1309
Magdalena Pabisz,Poland,1298
Maciej Czapiewski,Poland,1297
Feliks Zemdegs,Australia,1297
Andy Gong,Australia,1294
Joshua Hounslow,Australia,1294
Jode Brewster,Australia,1288
Theo Skoog,Sweden,1286
Rasmus Stub Detlefsen,Denmark,1283
Antonie Paterakis,Greece,1275
Phoenix Patterson,Australia,1274
Łukasz Burliga,Poland,1268
Marquez Phan,Australia,1267
Elvin Thorsen,Sweden,1267
Thomas Schmidt,Denmark,1261
Jiazhou Li (李佳洲),China,1260
Yingjian Gong (龚英健),China,1255
Will Gurnett,Australia,1252
Riley Dexter,Australia,1252
Tim Xie,New Zealand,1251
Sky Guo (郭建欣),Hong Kong,1251
Lachlan Stephens,Australia,1250
Hassan Khanani,USA,1250
Zhibo Jin (金智博),China,1249
Benjamin Warry,Australia,1246
Guanbo Wang (王冠博),China,1244
Adam Jagła,Poland,1237
Rilang Cao (曹日朗),China,1237
David Epstein,Australia,1236
Olaf Kuźmiński,Poland,1235
George Scholey,United Kingdom,1234
William Jensen,Sweden,1232
Tyler Williams,Australia,1231
Xiaoke Xu (徐晓珂),China,1230
Linus Laurén,Finland,1229
Francisco Hamlin,Argentina,1226
Dwyane Ramos,New Zealand,1226
Amy Smith,Australia,1225
Daniel Karnaukh,USA,1223
Zhiyuan Ma (马之元),China,1220
Huang-Bang Fang (房黃邦),Taiwan,1214
Lennon Hughes,Australia,1214
Simon Jansson,Sweden,1213
Juliette Sébastien,France,1212
Henri Gerber,Germany,1211
Yezhen Han (韩业臻),China,1208
Alexander Bashutkin,Russia,1207
Mikołaj Zubowicz,Poland,1207
Jiekang Pan (潘杰康),China,1204
Zak Kenny,Australia,1201
Ryan Pilat,USA,1201
Daniel Vædele Egdal,Denmark,1200
Ethan Stevens,Australia,1199
Jakub Hamkało,Poland,1199
Yibo Wang (王奕博),China,1198
Jeremy Foott,Australia,1198
Joe Davis,Australia,1198
Izan Cantero Herrera,Spain,1195
Alexander Vujcich,New Zealand,1195
Jayden McNeill,Australia,1193
Jeann Valdez,Australia,1193
Linus Thyberg,Sweden,1193
Ianis Costin Chele,Romania,1193
Kai-Wen Wang (王楷文),Taiwan,1193
Joel Cetra,Germany,1193
Kevin Gerhardt,Germany,1189
Yinghao Wang (王鹰豪),China,1188
Luke Garrett,USA,1187
Xinyun Chen (陈新运),China,1186
Kajetan Opach,Poland,1184
Yiheng Wang (王艺衡),China,1180
Wilhelm Kilders,Germany,1178
Ivan Polkanov (Иван Полканов),Russia,1178
Ben Stokes,United Kingdom,1178
Ben Whitmore,United Kingdom,1177
Chenhao Ma (马晨皓),China,1176
Yu-Kai Chen (陳宇楷),Taiwan,1175
Mika Smulders,Netherlands,1174
Louis-Marie Ratto,France,1173
Amos Nordman,Finland,1173
Xulang Li (黎旭朗),China,1172
Alexander Tosting,Sweden,1171
Lucas O'Connell,New Zealand,1170
Zhenyu Wang (王振宇),China,1170
Nguyễn Khang Minh,Vietnam,1170
Alevio Hamizan Ersha,Indonesia,1169
Luke Van Laningham,USA,1169
Mattheo de Wit,Netherlands,1167
Josephine Siburian,Australia,1167
Chengyang Song (宋成阳),China,1166
Mats Valk,Netherlands,1166
Harry Savage,United Kingdom,1165
Yanchen Zhu (朱彦臣),China,1165
Jonathan Blöcher,Germany,1163
Bartłomiej Owczarek,Poland,1163
Angela Braganza,New Zealand,1163
Maciek Kozar,Poland,1162
Benjamin Walker,Australia,1161
Max Siauw,USA,1160
Bryan Eng,Australia,1160
Bill Hammill,United Kingdom,1160
Carter Kucala,USA,1160
Emil Diring,Germany,1159
Luke Tycksen,USA,1157
Andrey Che,Russia,1157
Bence Barát,Hungary,1157
Yan-Hung Lai (賴彥宏),Taiwan,1156
Adam Marcellus Kelly,USA,1155
Dylan Johnston,Australia,1154
Charlie Eggins,Australia,1154
Tomáš Nguyen,Vietnam,1154
Noé Bourdon,France,1153
Jacob Bonasera,Australia,1151
Paxton Bennison,Australia,1151
Sendi Hu (胡森迪),China,1151
Tanish Dhiman,India,1150
Jiate Xie (谢佳特),China,1149
Lucas Déglise,France,1149
Jakub Grzybowski,Poland,1148
Nicholas Paul,Australia,1147
Kari Hyttinen,Finland,1147
Walker Welch,USA,1147
Kai Roff,United Kingdom,1147
Jack Larsson Backsell,Sweden,1146
Yihan Chen (陈奕涵),China,1146
Matty Hiroto Inaba,USA,1144
Dmitry Gundin,Russia,1142
Lucas Etter,USA,1142
Szymon Musiał,Poland,1142
Jonas Fong,Australia,1141
Guillaume David,Belgium,1140
Yu Tang (唐语),China,1139
Jiaming Bob Yi,Canada,1139
Timucin Kara,Germany,1139
Santino Maiorino,USA,1138
Alan Kuo (郭建廷),Taiwan,1137
Alan Siburian,Australia,1137
Daniel Rose-Levine,USA,1137
Eli Jay,United Kingdom,1137
Szymon Brzana,Poland,1137
Sebastian Outh-Aut,Australia,1136
Mingshuo Zhao (赵铭硕),Australia,1136
Valentin Hoffmann,France,1135
Xianjing Wang (王先靖),China,1135
Will Callan,USA,1134
James Holdsworth,Australia,1134
Anatole Volongo,France,1134
Canzheng Cao (曹参政),China,1133
Ray Zhang (张灏睿),Australia,1133
Ashley Foster,New Zealand,1133
Sameer Aggarwal,USA,1131
Jasper Murray,New Zealand,1131
Arisandra Soo,Australia,1131
Emilio Matanguihan,Australia,1130
Qingze Li (李庆泽),China,1130
Sora Sato,Australia,1129
Gerard McGinley,Australia,1128
Kevin Xin (辛轲牛),USA,1128
Firmin Brault,France,1128
Elijah Brown,USA,1127
Oscar Watson,Australia,1127
Andrii Vasyliev (Андрій Васильєв),Ukraine,1127
Jacob Chambers,United Kingdom,1126
Miles Christopher Walcott,USA,1126
Kim Roger Høyland Larsen,Norway,1125
Timo Norrkniivilä,Finland,1124
Ciarán Beahan,Ireland,1124
Xingkai Yin (尹星凯),China,1123
Noah Kraft,Germany,1123
Yannick Richter,Germany,1122
Diego Fraile,France,1122
Noah Aaron Pearson,Australia,1122
Calven Lipec,Australia,1121
Fabio Schwandt,United Kingdom,1121
Patryk Grosiak,Poland,1119
Alexis Fedeler,Germany,1119
Anthony Lafourcade,France,1119
Linus Buck,Germany,1118
Daniil Rublev (Даниил Рублёв),Russia,1118
Daniel Wallin,Sweden,1117
Ping-Yueh Huang (黃品越),Taiwan,1117
Nicolas Gertner,France,1116
Karol Piskorek,Poland,1115
Darcy Andrikonis,Australia,1115
Sumanth Chandrupatla,USA,1115
Jaxon Foster,Australia,1115
Joshua Williams,United Kingdom,1114
Levi Benjamin Matara-Ng,Australia,1113
Paul Mahvi,USA,1113
Ben Thomas Campbell,United Kingdom,1113
Shubham Maharana,India,1113
Alex Van Vugt,Australia,1113
Igor Ośmiałowski,Poland,1113
Stanley Chapel,USA,1113
Matěj Mužátko,Czech Republic,1111
Zexin Wang (王泽鑫),China,1111
Leo Millar,Australia,1111
Timothy Castle,USA,1111
Victor Glyrskov,Denmark,1110
Frederik Løchte,Denmark,1110
Brennen Lin,Canada,1110
Adrian Oon,Australia,1110
Jakub Hibszer,Poland,1109
Xinyuan Fan (范歆远),China,1109
Patrick Quach,Australia,1109
Jannis Grob,Germany,1109
James Alonso,United Kingdom,1108
Yunke Zhang (张云柯),China,1108
Charlie Cannon,Australia,1108
Jie Wang (王杰),China,1108
Lukas Shelley,Denmark,1108
Aadarsh Madhavan,India,1107
Carlos Sullca Mejía,Peru,1107
Nate Mochrie,New Zealand,1107
Liam Highducheck,Australia,1106
Joe Labas,Australia,1105
Darcy Way,Australia,1105
Qiyu Zhang (张淇隩),China,1104
Christian Manuel de Lange,New Zealand,1103
Mikołaj Tyra,Poland,1103
Hua Huang (黄华),China,1102
Christian Foyle,Australia,1102
Benjamin Grzesiak,United Kingdom,1101
Daniel Brem,Switzerland,1101
Saavar Bajaj,Australia,1101
Kasper Warberg Borg,Denmark,1100
Andreas Jensen Forsgren,Norway,1100
Theresa L. Biermann,Germany,1099
Ilya Nazarov,Russia,1099
Mateusz Szulik,Poland,1099
Urho Kinnunen,Finland,1098
Myles Jarman,Australia,1098
Raymond Castillo,USA,1098
Dmitry Matthew Yaquinto,Russia,1098
Narhean Ravichandira,Australia,1096
Lucas Buckley,Australia,1096
Dániel Varga,Hungary,1096
Rafał Sądek,Poland,1096
Liam Canty,Australia,1095
Kaur Tuule,Estonia,1095
Dash Cannon,Australia,1095
David Vos,Netherlands,1094
Divnoor Bajwa,Australia,1094
Antonio Bonessi,USA,1093
Shao-Hua Hu (胡少華),Taiwan,1093
Hao Do,Australia,1093
Ben Kirby,New Zealand,1093
Junxi Jian (简隽希),China,1092
Aneurin Hunt,New Zealand,1092
Xiaowei Wang (王晓伟),China,1092
Rafael Chowindra,Indonesia,1092
Zhaohong Huang (黄兆鸿),China,1092
Marcel Ručigaj,Slovenia,1091
Maheran Chowdhury,Australia,1091
Ng Jia Quan (黄佳铨),Malaysia,1091
Blake Thompson,USA,1090
Jefferson Andres Durango Argaez,Colombia,1089
David Matoušek,Czech Republic,1089
Malo Coraboeuf,France,1089
Oliver Wright,Australia,1089
Alan Zhao,Australia,1089
Frederik Hutfleß,Germany,1089
Matthew Cook,Australia,1089
Sean Moran,United Kingdom,1088
Michał Krasowski,Poland,1088
Ronald Smith Huaman Cardenas,Peru,1087
Ho Hsieh (謝合),Taiwan,1087
Yue Shen (申粤),China,1087
Przemysław Rogalski,Poland,1087
Alvaro Haidar Ersha,Indonesia,1086
William Herring,Australia,1085
Kerry Creech,USA,1085
Vincent Hartanto Utomo,Indonesia,1084
Yunrui Peng (彭云瑞),China,1084
Cameron Jones,United Kingdom,1084
Wang Ma (马旺),China,1084
Rhys Lloyd,Australia,1084
Luke Burong,Australia,1084
Niklas Aasen Eliasson,Norway,1084
Jeff Miao,China,1083
Mikołaj Morawski,Poland,1083
Lorenzo Mauro,Italy,1083
Junze Zhao (赵俊泽),China,1083
Eli Jacobsson,Australia,1083
Mete İsbir,Turkey,1082
Niklas Thomßen,Germany,1082
Xuyang Chen (陈徐洋),China,1082
Huixuan Shi (施慧轩),China,1082
Yusheng Du (杜宇生),China,1081
Jan Zych,Poland,1081
Max Walaszek,USA,1081
Szymon Malinowski,Poland,1081
Daniel Tidsey,United Kingdom,1080
Alwin Rölz,Switzerland,1080
Joshua Chau,Australia,1080
Daniel Gutierrez,USA,1079
Ekaterina Kaneva,Russia,1077
Chan Hui Tung (陳許瞳),Hong Kong,1077
Michael Alexander,Australia,1077
Zach Amiridis,Australia,1076
Alexandre Carlier,France,1076
Elias Malomgré,Belgium,1076
Andy Ma,China,1076
Zhijie Yin (尹智杰),China,1076
YuTan Pan,China,1075
Thomas Heiden,Austria,1075
Leeah Gard-Spaulding,Australia,1075
Erzhan Dzhaumutbaev,Russia,1075
Nicholas Daneshvari,USA,1075
Daniel Heberg Jørgensen,Denmark,1075
Kanting Shi (史勘霆),China,1074
Myles Segal,Australia,1074
David Pearce,Australia,1073
Chris Mills,United Kingdom,1073
Michael Nielsen,USA,1073
Haochen Mei (梅皓臣),China,1072
Leon Achata,Peru,1072
Yang Liu (刘洋),China,1072
Andy Denney,USA,1072
Piotr Tokarski,Poland,1072
Callum McArthur-Mortell,Finland,1072
Noah Muscat,Australia,1072
Timur Imanov,Russia,1071
Luigi Soriano,USA,1071
Simon Kalhofer,Germany,1070
Kyle Van Straaten,Canada,1070
Dominik Beese,Germany,1069
Andrew Tan Jing Bang,Singapore,1069
Bo Tang (唐搏),China,1069
Sean Vyner,Australia,1069
Igor Tarasov (Ігор Тарасов),Ukraine,1069
Marco Giordano,Italy,1068
Tom Stanton-Barnett,New Zealand,1068
Estevan Lujan,USA,1068
Arnau Tous Mateu,Spain,1067
Ashton Wheeler,Australia,1067
Wade Hawkins,USA,1067
Yuxuan Wu (吴雨轩),China,1067
Stian Nystad Østli,Norway,1067
Firstian Fushada (符逢城),Indonesia,1067
Stephen Waller,United Kingdom,1067
Vinz Navales,Australia,1067
Jakub Bartos,Poland,1067
Ram Thakkar,India,1067
Lazo Jalal,Australia,1067
Luqman Hakim Bin Hairil Azli,Malaysia,1066
Tyler Howlett,USA,1066
Michael Andres Castillo Lemus,Colombia,1066
Nathan Rahn,USA,1066
Radosław Opoka,Poland,1065
Cheng-Ying Lee (李承穎),Taiwan,1065
Liangyu Cai (蔡良语),China,1065
Xiaoyu Chen (陈校雨),China,1065
Jan Bentlage,Germany,1065
Henry Asker,United Kingdom,1065
Yijia Chen (陈奕佳),China,1065
Haichuan Du (杜海川),China,1064
Jacob Joshi,Australia,1064
Phillip Maxwell,Indonesia,1064
Waldemar Sundin,Sweden,1064
Ting Sheng Bao Yang,Spain,1064
Rick Hamburger,Netherlands,1063
Christopher Olson,USA,1063
Mikołaj Salamon,Poland,1063
Kangze Wang (王康泽),China,1063
Brian Nguyen,Australia,1062
Thomas Curnow,Australia,1062
Cole Campbell,New Zealand,1062
Dilan Anand,Australia,1061
Samuel Fang,USA,1061
Alexander Della-Spina,Australia,1061
Yuchen Wang (王雨辰),China,1061
Kymberlyn Calderon,USA,1061
Philipp Senser,Switzerland,1061
Catharina Nguyen,Denmark,1060
Zack Hall,Australia,1060
Benjamin Shurmer,Australia,1060
Francesco Schmitt,Germany,1059
Simon Geertsema,New Zealand,1059
Xinyang Li (李昕洋),China,1058
Nicolás Sánchez,USA,1058
Jay Calter,Australia,1058
Drew Brads,USA,1058
Pavel Mesyatsev,Russia,1058
Twan Dullemond,Netherlands,1057
Muhammad Saleh Imtiaz,Pakistan,1057
Joseph Williams,United Kingdom,1057
Adrien Auvray Matyn,New Zealand,1057
Cameron Stollery,Australia,1057
Wojciech Knott,Poland,1057
Juncheng Luo (罗骏承),China,1056
Toby Seufert,Australia,1056
Rémi Esturoune,France,1056
Hongyuan Fu (傅泓源),China,1056
Benjamín Ochoa,Peru,1056
Zayd Chaudhry,Australia,1055
Junliang Li (李俊良),China,1055
Jakub Tkaczyk,Poland,1054
Valerio Locatelli,Italy,1054
Tu Pham,Vietnam,1054
Luc Rehfeld,Germany,1053
Charlie van Ooran,Australia,1053
Igor Kolosov (Игорь Колосов),Russia,1053
Eric Pesci,USA,1053
Aolin Tang (唐奥林),China,1052
Trần Đăng Quang,Vietnam,1052
Adam Kędziorski,Poland,1052
Mingshi Zheng (郑铭师),China,1052
Bill Wang,Canada,1052
Marcus Siu,United Kingdom,1051
Simon Kellum,USA,1051
Wiktor Zegadło,Poland,1051
Ryan Driscoll,Australia,1051
Roberts Dreijers,Latvia,1050
Iurii Chesnokov (Юрий Чесноков),Russia,1050
Alex Maass,USA,1050
Eve Carroll,Australia,1050
Zac Graham,Australia,1050
Alex James,Australia,1049
Yuze Gu (顾雨泽),China,1049
Tomasz Pietruszka,Poland,1049
Jonathan O'Neill,Australia,1049
Zijian Cai (蔡子健),China,1049
Trịnh Quang Dũng,Vietnam,1049
Bálint Csengő,Hungary,1048
Jack Pfeifer,USA,1048
Malte Ihlefeld,Germany,1048
Zhihai Liu (刘之海),China,1047
Tor Torstensson,Sweden,1047
Alex Niedland,USA,1046
Samuel Simko,Slovakia,1046
Bhargav Narasimhan,India,1046
Taine Cassar,Australia,1046
Jonas Pilhöfer,Germany,1046
Robert Alden,United Kingdom,1046
Kieran Murphy,Australia,1046
Yap Jia Yang,Malaysia,1045
Harishan Ramanan,United Kingdom,1045
Chengyu Guo (郭承禹),China,1045
Andrew Davidge,Australia,1045
Ben Teh,Australia,1044
Yevhen Riabokon (Євген Рябоконь),Ukraine,1044
Joonas Silvennoinen,Finland,1044
Nicolas Køster Christensen,Denmark,1044
Kaiyang Gao (高凯阳),China,1044
Raúl Gómez,Ecuador,1044
Grigoriy Barashkin,Russia,1044
Radomił Baran,Poland,1044
Aaron Spiller,Australia,1043
Mario Nicholas Chandra,Indonesia,1043
Simon Nilsson,Sweden,1043
Vadzim Smirnou,Belarus,1042
Jack Bellomy,USA,1042
David Nguyen,USA,1042
Karol Zakrzewski,Poland,1042
Mykhailo Lagoida (Михайло Лагойда),Ukraine,1042
Robert Antal,Netherlands,1042
Anrui Cen (岑广瑞),China,1042
Conor Sullivan,Australia,1041
Liangrong Ma (马良戎),China,1041
Marcus Moberg,Sweden,1040
Chengyang Li (李承洋),China,1039
Adam Łyskawa,Poland,1039
Pedro Giuseppe Garcia Milla,Peru,1039
Mantra Shukla,New Zealand,1039
Seth Ferry,Australia,1039
Varun Mohanraj,USA,1038
Vincent Chan,Netherlands,1038
Samuel Talacko,Czech Republic,1038
Sébastien Auroux,Germany,1037
Timotej Andrejko,Slovakia,1037
Bharadwaj Duggaraju,India,1037
Martin Fronescu,Romania,1037
Bruno Di Renzo John,Germany,1037
Michael Tripodi,Australia,1037
Tom Noble,Australia,1037
Elyas Eyou,New Zealand,1037
Jack Mennie,Australia,1037
Luke Jankowiak,Canada,1037
Cyprian Doza,Poland,1037
Kailong Li (李开隆),China,1037
Callum Hales-Jepp,United Kingdom,1036
Victor Chenu,France,1036
Jensen Belen-Brown,Canada,1036
Ethan Burbush,Australia,1036
Divij Yadav,India,1036
Tianyu Sun (孙天宇),China,1036
Shu-Yii Luo (駱書翊),Taiwan,1035
Toby Waters,USA,1035
James MacDonald,Australia,1034
Isaac Eastaugh,Australia,1034
Aaron Ravi,United Kingdom,1033
Louis de Mendonça,United Kingdom,1033
Yunhan Yao (姚云瀚),China,1033
Vyacheslav Kochergin (Вячеслав Кочергин),Russia,1033
Yuzhe Wang (王语哲),China,1033
Reagan Li,Canada,1032
Weihao Kong (孔维浩),China,1032
Ruben Fino,Australia,1032
Ryan Wu,Canada,1032
Robert Yau,United Kingdom,1032
Tanay Singh,Australia,1031
Daniel Greigg,USA,1031
Lir Ukaj,France,1031
Zishuo Zhang (张子硕),China,1031
Longwang Li (李龙旺),China,1031
Shao-Heng Hung (洪紹恆),Taiwan,1031
Wesley Allen,Australia,1031
Joel Lundström,Sweden,1031
Oliver Jenks,New Zealand,1031
Mikhail Kopylov (Михаил Копылов),Russia,1031
Tom Richards,Australia,1030
Taiji Yi (易泰基),China,1030
Yinming Zhu (朱胤铭),China,1030
Ethan Erez,Canada,1030
Shao-Yu Hu (胡紹宇),Taiwan,1030
Shilei Zhang (张士磊),China,1030
Thomas Sonnenberg Jarner,Denmark,1029
Advay Kulkarni,USA,1029
Jules Porteners,Netherlands,1029
Lance Aguilar,Australia,1029
Đoàn Anh Dũng,Vietnam,1029
János Bereczki,Romania,1029
Oliver Hoy,Australia,1028
Szabolcs Szántai,Hungary,1028
Zee Capangpangan,Philippines,1028
Milhouse Gibbons-Paul,United Kingdom,1028
Fanny Pousset,France,1028
Emmet Hobbs,Australia,1027
Mauro Moises López,Spain,1027
Siqi Jiang (蒋偲祺),China,1027
Hao Wang (王浩),China,1027
Thomas Bland,Australia,1027
Fryderyk Janiak,Poland,1027
Aiden Bartlett,USA,1027
Vibhan Jivanjee,Australia,1027
Robin Verstraten,Netherlands,1026
Sebastian Bock,Australia,1026
Kai Kang (康凯),China,1026
Sebastian Owieczko,Poland,1026
Julen Simón Iriarte,Spain,1026
Andres Rodriguez,USA,1026
Sören Jaan Handschuch,Germany,1025
Rui Yang (杨芮),China,1025
Arkadiusz Abramowski,Poland,1025
Luca Brasini,Italy,1025
Matthew Sieredzinski,Australia,1025
Jerry Yao,USA,1025
River Fletcher,Australia,1024
Asher Kim-Magierek,USA,1024
Jack McDougall,New Zealand,1024
Charlie Stark,United Kingdom,1024
Walter Duff,Canada,1024
Leon Marcell Alamanda,Indonesia,1024
Abdelhak Kaddour,France,1024
Benjamin Bucksmith,New Zealand,1024
Veer Jagdev,United Kingdom,1024
Leonardo José Hilario Cori,Peru,1024
Vladimir Tikhonenko (Владимир Тихоненко),Russia,1024
Joel David Hibbert,Australia,1024
Mingxuan Wu (吴明轩),China,1023
Konstantin Jaehne,Germany,1023
Taoran Chen (陈陶然),China,1023
Kate Grahame,USA,1023
Wayne Pi,Taiwan,1023
Andrey Mishin,Russia,1023
Filip Nilsen,Norway,1023
Kyle Santucci,Canada,1023
Gert-Jan Broere,Netherlands,1023
Maksymilian Misiak,Poland,1023
Hayden Ng,Australia,1022
Aedan Bryant,USA,1022
Oliver Drew,Australia,1022
Alejandro Restrepo Echeverri,Colombia,1022
Theodor Nordstrand,Sweden,1022
Tee Kai Yang,Malaysia,1022
John Hornacek,USA,1022
Qinxi Wei (韦钦曦),China,1021
Jash Tejas Shah,India,1021
Zhenming Zhang (张振铭),China,1021
Victor Wijsman,France,1021
Zhengli Ning (宁郑立),China,1021
Bartosz Karpiński,Poland,1021
Robin Saccasyn,Belgium,1021
Noah Swor,USA,1021
Sean Hartman,USA,1020
Dylan Hughlett,USA,1020
Daniel Alejandro Torres Moreno,Colombia,1020
Zaiyuan Chu (初载源),China,1020
Aleksandr Beznogov,Russia,1019
Jack Hinz,Australia,1019
Yutong Wang (王宇彤),China,1019
Tongming Shi (石童鸣),China,1018
Pavel Eroshkin (Павел Ерошкин),Russia,1018
Zhao-Zhe Zhong (鍾肇哲),Taiwan,1018
Haoran Li (李浩然),China,1018
Lucas Vojkovic,Australia,1018
Milan Struyf,Belgium,1018
Aaron Mills,Australia,1018
Tobias Thompson,Denmark,1018
Nikhil Soares,India,1018
Charles Jerome,USA,1018
Jerry Jiang,New Zealand,1017
Chen Cheng (程晨),China,1017
Mikhail Kalashnikov (Михаил Калашников),Russia,1017
Gabriel Rejdych,Poland,1017
Yubo Ji (纪宇博),China,1017
Brody Lassner,USA,1017
Ainsley D'Souza,Australia,1017
Zachary White,USA,1016
Jaidon Zain Adams,United Kingdom,1016
Magnus Søndergaard Byrne,Denmark,1016
Kornél Vermes,Hungary,1016
Samir Homsi,Turkey,1016
Kevin Yinan Liu,Australia,1016
Martin Brath,Germany,1016
Dewei Liu (刘德威),China,1016
Christian König,Germany,1016
Muhammad Faeyza Koda,Indonesia,1016
Toby Westerberg,USA,1015
Maximilian Elsener,Switzerland,1015
Haohan Zheng (郑皓涵),China,1015
Jack Maddigan,New Zealand,1015
Liam Wadek,New Zealand,1015
Benjamin Pugh,USA,1014
Minn Aung,Australia,1014
Junyi Zhong (钟浚意),China,1014
Tucker Chamberlain,USA,1014
Charlie Harrison,United Kingdom,1014
Brendan Bakker,USA,1014
Yunqi Ouyang (欧阳韵奇),China,1014
Nikodem Tomaszuk,Poland,1014
Vittorio Maria Perucatti,Italy,1014
Luke Heath-Edwards,New Zealand,1014
Patryk Szymula,Poland,1014
Philippe Virouleau,France,1014
Mingze Yang (杨明泽),China,1014
Arnit Rawat,India,1013
Sukant Koul,India,1013
Alexander Chieng,Australia,1013
Sirun Wu (吴思润),China,1013
Sameer Sethuram,USA,1013
Dmitriy Shevchenko,Russia,1013
Marek Majerik,Slovakia,1013
Duncan A. Bannon,USA,1013
William Gan Wei Ren (颜伟仁),Malaysia,1013
Rasmus Andersson,Sweden,1012
Taj Greenough,Australia,1012
Benjamin Kyle,Canada,1012
Wei-Chen Hsieh (謝維宸),Taiwan,1012
Yuxuan Guo (郭雨轩),China,1012
Trần Đình Anh,Vietnam,1012
Tianxing Wang (王天行),China,1012
Zachary Ochs,USA,1011
Zixuan Xu (徐子轩),China,1011
Jeidun Hastriter,USA,1011
Justin He,Australia,1011
Dominik Ostas,Poland,1011
Junze Lin (林君泽),China,1011
Nicolás Irenco Peña Henríquez,Chile,1011
Sebastian Lee,Australia,1011
Chloé Demuynck,France,1011
Cale Schoon,USA,1011
Felix Lewicki,Poland,1010
Haluk Ulkusal,Romania,1010
José Eduardo Palacios Castro,El Salvador,1010
Viljo Elo,Finland,1010
Vladislav Kaminskiy,Belarus,1010
Alex Liau,Australia,1010
Zejun Chen (陈泽鋆),China,1010
Leo Borromeo,Philippines,1009
Tommas Austin-Milne,Australia,1009
Toby Dixon,New Zealand,1009
Xiang Meng (孟响),China,1009
Ihor Sukhovatenko (Ігор Суховатенко),Ukraine,1009
Tam Quan,Australia,1009
Isaac Latta,New Zealand,1009
Tycho Rietman,Netherlands,1008
Hsiang-Kuang Zhuang (莊翔光),Taiwan,1008
Ben Qian,Australia,1008
Mason Day,Canada,1008
James Lam,Australia,1008
William Lu (呂宇綸),Taiwan,1008
Łukasz Pielczyk,Poland,1008
Yinghao Zhu (朱英豪),China,1007
Dylan Beetge,Australia,1007
Simon Praschl,Austria,1007
Vladyslav Hryniuk (Владислав Гринюк),Ukraine,1007
Milo Black,USA,1007
Arhaan Sareen,Canada,1007
Florian Truckenthanner,Austria,1006
Thierry Orland Hung,Indonesia,1006
Lorenzo Layug,Philippines,1006
Ricardo Olea Catalán,Germany,1006
Kai-Lun Cheng (鄭凱倫),Taiwan,1006
Tom Salmon,United Kingdom,1006
Vladislav Sergunov (Владислав Сергунов),Russia,1006
Marcel Niedl,Austria,1005
Rasmus Händén,Sweden,1005
Lev Golub (Лев Голуб),Ukraine,1005
Zihan Zhang (张子涵),China,1005
Peri Le Dain,USA,1005
Jackson Moorhead,New Zealand,1005
Nicholas Eppingstall,Australia,1004
Theo Macfarlane-Brewer,Australia,1004
Haoze Yu (于昊泽),China,1004
Yunliang Zhang (张赟量),China,1004
Elian Beguec,France,1004
Julian Bürgi,Switzerland,1004
Brayden Wroten,USA,1004
Jakub Zarębski,Poland,1004
Daniel Sartori,Italy,1003
Shang Liu (刘尚),China,1003
Sam van Vliet,Australia,1003
Michał Rzewuski,Poland,1003
Jesus Emmanuel Vergara Ayarza,Peru,1003
Xinyan Liu (刘心妍),China,1003
Acar Gök,Turkey,1003
Yifan Yuan (袁逸凡),China,1002
Tyler Keen,Australia,1002
Vladimir Semidyanov,Russia,1002
Julian Sico,New Zealand,1002
Hubert Gontarczyk,Poland,1002
Ugnius Byron Braun,Lithuania,1002
Xander Romo,USA,1002
Jiale Xu (徐嘉乐),China,1002
Manuel Prieto de Antón,Spain,1001
Kacper Kopacz,United Kingdom,1001
Denis Gromov (Денис Громов),Russia,1001
Tristan Chua Yong,Singapore,1001
Oliver Castledine,United Kingdom,1001
Elijah King,New Zealand,1001
Samuel Cunanan,Australia,1001
Jieyu Yang (杨杰予),China,1001
Daniel Fraser,New Zealand,1001
Haochang Zhang (张皓昶),China,1001
Benjamin Thunbo Jonassen,Denmark,1000
Gergely Novotni,Hungary,1000
Derek Hsieh,USA,1000
Kyson Lovery,Australia,1000
Cian-Jyun Yang (楊謙君),Taiwan,1000
Silas Kampp Richter Lassen,Denmark,1000
Ömer Faruk Bircan,Turkey,1000
Ilya Parchuck,Russia,1000
Tianzuo Du (杜天佐),China,999
Caleb Langan,Australia,999
Michał Woźniak,Poland,999
Eva Kato,USA,999
Victor Roets,Belgium,999
Toby Coote,Australia,999
Ramses Amaya,Colombia,999
Artem Kosarev (Артем Косарев),Russia,999
2021IANI01,Null,999
Krystian Załuski,Poland,999
Maksim Zemtšihhin,Estonia,999
Richard Yiheng Tao,New Zealand,999
Anthony Rochester,Australia,998
Hoàng Khang Minh,Vietnam,998
Polina Konopleva (Полина Коноплева),Russia,998
Dante Wallin Arvidsson,Sweden,998
Ivan Lew Yi Wen (刘义文),Malaysia,997
Anish Rajesh,India,997
Katie Hull,USA,997
Benjamin Gottschalk,USA,997
Leevi Järvinen,Finland,997
Johannes Knudsen,Sweden,997
Ruohan Qiu (邱若寒),China,997
Simiao Huang (黄思淼),China,997
Jeremy Sheng,USA,996
Anton Suzin,Belarus,996
Darby Lee,Australia,996
Dylan Wang,Canada,996
Tijmen van der Ree,Netherlands,996
Herman Westerlund Kalland,Norway,996
Alex Patti,Australia,996
Anthony Qi,Australia,996
Ximiao Liu (刘曦淼),China,996
Amina Chebochakova (Амина Чебочакова),Russia,996
Oscar Sánchez Najarro,Spain,996
Mohannad Mahmoud Fathy,Egypt,995
Sheng Cao (曹晟),China,995
Lianhao Zhu (褚连皓),China,995
Will Fairfax,New Zealand,995
Jack Amarbat,New Zealand,995
David Añel,USA,995
Ilya Epifanov,Russia,995
Muhammad Rafly,Indonesia,995
Jakob Gunnarsson,Sweden,994
Owen Fuge,Australia,994
Finn Ickler,Germany,994
Harvard Nguyen,USA,994
Maxim Ilin,Russia,994
Lachlan Williams,Australia,994
Mateusz Szwugier,Poland,994
Mikus Lembergs,Latvia,994
Jan Woźniak,Poland,994
Luis Angel Contreras Ospina,Colombia,994
Samuel Weber,USA,994
Gjorgji Cheshmedjievski,North Macedonia,994
Rui-Jun Liu (劉睿鈞),Taiwan,994
Suhang Li (李苏航),China,993
Elijan Fernandez,Australia,993
Cyrus Wong Yuk Chi (黃昱誌),Hong Kong,993
Weiyi Liu (刘为一),China,993
Tom Nelson,New Zealand,993
Nikita Malykhin (Никита Малыхин),Russia,993
Wenbo Lu (陆文博),China,993
Yichen Jiang (姜一辰),China,993
Josef Matijevic,Australia,993
Ilya Sokolov,Russia,993
Elliot Tay,Australia,993
Rifa Octavian Himawan,Indonesia,992
Jose Daniel Cobo Torres,Colombia,992
Sam Koch,USA,992
Hayden Kettle,Australia,992
Pavel Galaktionov,Russia,992
Matteo Provasi,Italy,992
Yiyang Chen (陈熠扬),China,992
Asser Khodeir,Australia,992
Lukas Krämer,Germany,992
Jake Brown,United Kingdom,992
Lianghui Li (李亮辉),China,991
Dominic Lumsden,United Kingdom,991
Joe Boisen,Australia,991
Edward Vakula,USA,991
Zihan Xu (徐子涵),China,991
Krish Shah-Nathwani,USA,991
Aleksey Zuev,Russia,991
Parker Trager,USA,991
Diego Alfonso,France,991
Fabian Tomasovic,Italy,991
Wilson Alvis (陈智胜),Indonesia,991
Jukka Geisler,Germany,990
Leo Hock-Morris,Australia,990
Yancheng Lai (赖彦丞),China,990
Yan Jin (金岩),China,990
Bowen Xiao (肖博文),China,990
Shijie Peng (彭世杰),China,990
Szymon Grodzki,Poland,989
Yinqin Li (李尹钦),China,989
György Pintér,Hungary,989
Oliver Fisk,United Kingdom,989
Blake Keane,Australia,989
He-Ping Zheng (鄭和平),Taiwan,989
Shane Grogan,USA,989
Ruzhen Ye (叶儒臻),China,988
Peyton Bouma,USA,988
Dmitry Dobrjakov,Russia,988
Shuodi Yin (尹硕笛),China,988
Imants Liepiņš,Latvia,988
Jiayi Li (李嘉逸),China,988
Rafael I. Tembo,Australia,988
Alexander Shishkov (Александр Шишков),Russia,988
Adam Chodyniecki,Poland,987
Anders Berggren,Sweden,987
Isaac Langer,USA,987
Eeshan Zele,India,987
Nikita Sviridov (Никита Свиридов),Russia,987
Mihail Stoicescu,Romania,986
Christopher Sun,USA,986
Karsen Oun,Canada,986
Conlan Trace,USA,986
Zhaohe Wang (王昭赫),China,986
Juho Arjanne,Finland,986
Kaiyi Li (李铠驿),China,986
Ethan Rusnak,Canada,986
Dan Tran,USA,985
Zerong Zheng (郑泽荣),China,985
Qiyu Zhang (张淇奥),China,985
Patrick Fischer,USA,985
Joshua Broderick Phillips,USA,985
Yichen Sun (孙艺晨),China,985
Ethan Hickman,Australia,985
Lin Zhu (朱琳),China,985
Jie-Yu Xie (謝傑宇),Taiwan,985
Elijah Lim,Australia,985
Jacob Kasilag,Australia,985
Cass Hopkins,Australia,985
Igor Tarabrin (Игорь Тарабрин),Russia,985
Justin Chang,China,984
Ainesh Sevellaraja,Malaysia,984
Yuheng Zhu,China,984
Yifan Wang (王逸帆),China,984
Jieyang Chen (陈捷洋),China,984
Will Cerne,USA,984
Adrian Dębski,Poland,984
Matej Marković,Croatia,984
Martin Süß,Germany,984
Rowan Leaver,Australia,984
Nathan Hopkins,Australia,984
Borys Chojak,Poland,983
Toby Clarke,Australia,983
Chris Van Der Brink,USA,983
Ricardo Maxera,Peru,983
Haoran He (何浩然),China,983
William Greninger,USA,983
Ben Wakelin,Australia,983
Wong Kin Lok (黃健樂),Hong Kong,983
Lucas Pedersson,Australia,983
Charles Martinson,USA,983
Edward Burgess,United Kingdom,983
Jungwoo Ha (하정우),Korea,982
Gabriel Santiago Velez Gonzalez,Colombia,982
Bautista Bonazzola,Argentina,982
Will Newhoff,USA,982
Kai Ma (马开),China,982
Sebastian Virág,Canada,982
Titus Howlett,USA,982
Chenyao Zhang (张琛尧),China,982
Birk Joench-Clausen,Denmark,982
Semen Artyukhov,Russia,982
Wan-Ying Chen (陳婉瑩),Taiwan,982
Ilija Jovanovic,Belgium,982
Joonki Jung,Australia,982
Chloe Lee Synn Yii,Malaysia,981
Yuki Gao,China,981
John Bacouël,France,981
Ibrahim Khanani,USA,981
Hector David Martinez Argaez,Colombia,981
Pavel Yushkevich,Belarus,981
Yilin Zhao (赵奕麟),China,980
Blaise Jackson,Australia,980
Ryan S. Keogh,New Zealand,980
Ahmet Çınar Ablak,Turkey,980
Jakub Miśko,Poland,980
Isaac Wong Chang Man,Singapore,980
Ang Chin Zhen (洪靖程),Malaysia,980
Liam Heimann,Australia,980
James Quinn,USA,979
Shawn Yang,Canada,979
Rory Bailey,New Zealand,979
William Stanley,Australia,979
Xiangrui Deng (邓翔睿),China,979
Dominik Górny,Poland,979
Jackson Deng,Australia,979
Sharath Setty,Australia,979
Dylan Baumbach,USA,979
Xiangyu Li (李翔宇),China,979
Nithin Babu,India,979
Canyon Pettitt,USA,979
Maxwell Fairbanks,USA,979
Alex Asbery,New Zealand,979
Lukas Noel,Sweden,978
Dylan Miller,USA,978
Andrew Bae,USA,978
Dylan Cossin,USA,978
Xavier Evans,New Zealand,978
Đào Bách Nguyên,Vietnam,978
Hang Li (李航),China,978
Thomas Tinlin,Australia,978
Martín Nicolás Fernández Olavarría,Chile,978
Mika Luke Völkel,Germany,977
Max Alidenes,Australia,977
Aamir Saifee,India,977
Anton Nazarov (Антон Назаров),Russia,977
Harish Raj Ponkumar,India,977
Fred Lang,United Kingdom,977
Jiaxuan Liu (刘佳璇),China,976
Ava Felsenfeld,USA,976
Piotr Olszewski,Poland,976
Mitchell William Su,New Zealand,976
Jan Jabłoński,Poland,976
Eddie Yu,Australia,976
Bryan Frank,Indonesia,976
Zachary Alexander Dang,Australia,976
Gil Kochbeck,Germany,976
Khayll Paolo Sandukan,Philippines,976
Bence Kiácz,Hungary,976
Leonard Wetzel,Germany,975
Meng-Yi Li (李孟一),Taiwan,975
Geoffrey Li,Australia,975
Oliver Nguyen,Australia,975
Fletcher Doolan,Australia,975
Haozhen Ding (丁昊桢),China,975
Clément Cherblanc,France,974
Yunong Li (李雨浓),China,974
Patrick Kleverlaan,Australia,974
Caleb Clark,Australia,974
Keith Jackman,Ireland,974
Wilbur Phillips,Australia,974
Benjamin Kimber,New Zealand,974
Jacob McGruddy,Australia,974
Xuzhe Li (李旭哲),China,974
Vincent Zheng,New Zealand,974
Jingyi Yu (俞景译),China,974
Rustin Haderlie,USA,974
Jami Viljanen,Finland,974
Danny SungIn Park,Korea,974
Omar Ghanem,Egypt,974
Jiajun Wu (吴佳骏),China,974
Caio Hideaki Sato,Brazil,973
Ivan Vanek,USA,973
Qizhe Ma (马启哲),China,973
